Reporter Name,Partner Name,Trade Flow,Product Group,Indicator,1988,1989,1990,1991,1992,1993,1994,1995,1996,1997,1998,1999,2000,2001,2002,2003,2004,2005,2006,2007,2008,2009,2010,2011,2012,2013,2014,2015,2016,2017
 World,World,Import,Plastic or Rubber,Import (US$ Thousand),26335953.856,42912916.247,51648235.189,68112805.34,95256364.474,108375068.935,157057191.864,209380388.338,213257450.91,224364696.542,226989189.226,232504059.037,252355850.145,247645494.752,268936833.283,318004095.512,387591301.784,442588257.259,508040881.467,585672223.704,643056962.371,515624187.286,662131877.522828,795101406.927868,768597767.503599,793409454.624979,807735751.647597,719585758.834712,704145964.71046,737325040.511455
 World,Afghanistan,Import,Plastic or Rubber,Import (US$ Thousand),,,82.718,130.701,274.057,97.595,189.292,425.454,688.165,983.321,1664.539,741.106,1178.433,275.743,742.556,600.054,999.303,1249.141,1013.052,629.69,26125.362,132878.709,8787.15198993768,583.65711061292,533.90539148064,2393.87479231626,1824.7951845193,2382.91184724316,2145.139466223,1900.27853768106
 World,Albania,Import,Plastic or Rubber,Import (US$ Thousand),27,124.213,217.511,144.578,182.713,1576.053,7328.517,3350.073,2175.243,1424.091,1605.792,1368.246,1754.258,1824.628,2241.662,2589.501,3313.455,3693.082,6626.149,9000.586,37857.257,242018.055,10425.1242704316,13859.1036201226,11883.4669815438,14258.9497603011,18185.6150612339,13436.8468279152,14798.7256287452,21365.5555591457
 World,Algeria,Import,Plastic or Rubber,Import (US$ Thousand),10,59.146,20.082,167.884,370.484,841.386,455.208,715.186,4171.529,3889.062,1113.471,605.428,1025.424,1464.471,1157.609,3601.284,5639.972,23452.681,55037.639,49622.643,45640.21,85334.821,27780.8988819524,22273.8646484626,17770.363,13087.598,7488.17104193946,4812.973,6398.16782401596,4278.72177848442
 World,American Samoa,Import,Plastic or Rubber,Import (US$ Thousand),,,,,,,,,,,,,151.912,204.938,241.792,722.614,1498.921,372.666,492.878,777.534,1462.839,1960.704,8205.525413214,1276.851,1682.72405283,1185.57350215545,5388.534,1390.391068855,513.27117739115,3723.41100892443
 World,Andorra,Import,Plastic or Rubber,Import (US$ Thousand),13.492,104.737,174.258,449.992,367.212,299.663,797.887,946.984,1344.696,1829.759,1781.136,1559.938,1614.076,1270.639,1420.176,1461.946,3626.437,2124.857,2084.166,2338.54,2554.514,1986.795,3853.10104423,3789.51682269,2757.21768844768,1171.1887504,1199.27887231926,1384.67428612847,1100.58101701883,3381.71496625986
 World,Angola,Import,Plastic or Rubber,Import (US$ Thousand),,,22.413,15.753,7.061,22.467,54.883,26.66,287.517,267.835,46.401,257.098,141.135,89.005,806.808,671.916,358.95,1085.387,387.419,9410.165,607.128,6588.194,8246.38704959412,5266.72122771102,1966.3831481632,552.52983779132,2264.79372728092,1614.91275271312,2058.2331536036,2213.24579949113
 World,Anguila,Import,Plastic or Rubber,Import (US$ Thousand),,,,,36.304,,14.62,26.687,339.495,257.407,456.737,104.89,604.365,241.8,137.93,206.496,117.723,104.783,329.025,361.506,1219.626,2449.961,988.36,244.5451,166.657,165.701,185.0312331461,152.67781,228.7094844461,375.903321176416
 World,Antarctica,Import,Plastic or Rubber,Import (US$ Thousand),,,,,,,,,,,,,25.748,52.287,0.191,9.058,20.786,0.885,70.148,6.635,30.795,69.861,2296.604,107.60217992714,1399.17893179712,15.669,141.27622516,12.420040742,63.51441,129.38473014728
 World,Antigua and Barbuda,Import,Plastic or Rubber,Import (US$ Thousand),,2.952,9.196,16.665,125.683,52.812,102.248,629.243,282.243,469.363,945.009,680.129,620.497,3460.034,11598.414,12310.085,11805.637,262.915,582.843,509.846,5314.849,63179.306,91356.2796568148,33520.0351160909,30252.4611418427,344.51339641706,223.81950555746,339.43182036033,261.46647642786,295.282196821174
 World,Argentina,Import,Plastic or Rubber,Import (US$ Thousand),14355.884,74741.776,146153.949,144647.914,157655.081,154962.133,262061.722,484821.464,512495.83,513356.49,556488.509,519653.532,688014.064,791346.615,841289.908,882299.727,1145193.237,1452348.492,1573830.696,1570007.983,1869369.448,1617368.055,1767662.33327789,2006070.90945341,1790448.57441566,1674764.15048496,1637925.59020167,1208983.21303669,1223960.11292128,1326806.90748859
 World,Armenia,Import,Plastic or Rubber,Import (US$ Thousand),,,,,10.814,99.753,53.162,161.712,3694.205,10183.61,6206.669,5636.093,7524.343,7677.4,2958.961,2207.359,6917.658,4614.925,21863.463,35471.856,37619.714,10228.265,15822.5867242022,11718.5024504662,12841.90180116,10922.935,10908.472,7712.60638138464,7557.92420007358,8710.99467542767
 World,Aruba,Import,Plastic or Rubber,Import (US$ Thousand),,,,1.048,575.366,73.788,109.852,10.95,154.407,384.121,233.938,190.365,202.393,347.278,599.968,1212.265,342.541,1707.158,1588.234,2140.354,3520.243,3312.406,3927.015,1639.166,2221.03302,2151.10631552,743.63004368,1075.43599,970.45440622267,986.66439780279
 World,Australia,Import,Plastic or Rubber,Import (US$ Thousand),36222.078,186371.248,191446.132,233532.266,280702.554,375188.476,426186.982,561828.238,593302.998,598482.602,442061.021,558288.792,581580.451,545543.464,602638.891,704813.366,812527.678,993257.093,1202472.437,1234284.748,1199236.977,971899.773,1164644.63783206,1496549.64553799,1594280.6644963,1237813.34714972,1274630.21998903,1131345.45541233,1184183.12315152,1097166.02301436
 World,Austria,Import,Plastic or Rubber,Import (US$ Thousand),880135.37,1009122.788,1230521.019,1396509.113,1775233.665,1755120.146,2499101.294,2670193.344,2712289.423,2663493.002,2740122.431,2705462.602,2662995.847,2878454.26,3085313.17,3625669.361,4452592.623,4930222.966,5797650.541,7110784.922,7911646.004,6261497.003,7246506.87377606,8702717.40178288,8080028.24691041,8497757.84684295,8649876.00772812,7455819.42104131,7299663.54573291,8217064.99646164
 World,Azerbaijan,Import,Plastic or Rubber,Import (US$ Thousand),,,,,305.2,279.597,1056.425,3087.72,12682.233,22425.406,13367.223,13620.859,15667.051,13145.24,15754.922,28931.343,51730.947,59842.326,85850.037,54248.702,92983.09,20640.07,63660.7681647952,104031.27291489,100272.136459875,108936.00963568,142966.42463024,132599.763,135773.446675209,122946.125353665
 World,"Bahamas, The",Import,Plastic or Rubber,Import (US$ Thousand),,34.953,135.211,9.91,90.636,102.977,752.057,470.108,1065.715,681.578,25801.697,42928.491,59463.136,75213.796,71551.086,92057.809,99861.225,126649.057,144986.548,156734.58,161007.024,111005.182,113224.500350202,141964.368726182,150170.585,163042.815031374,180839.922118179,106419.084555136,84027.9892409451,98222.2541009297
 World,Bahrain,Import,Plastic or Rubber,Import (US$ Thousand),42.455,1752.587,1511.622,5744.071,10625.364,15969.323,25503.776,26870.931,28303.237,10426.387,21600.075,27989.874,26043.689,29193.056,32163.945,30678.585,47909.777,60438.493,64949.522,101489.178,98042.159,81757.399,100654.052576187,96313.2583897268,118656.660159613,169278.588536926,173625.764794619,256907.349547723,218427.51966427,100385.093039
 World,Bangladesh,Import,Plastic or Rubber,Import (US$ Thousand),2.3,123.843,47.772,891.668,321.32,1376.938,2029.374,3075.067,4240.357,7752.549,9582.531,12169.29,12045.843,12130.732,15886.598,23771.678,30175.935,37303.983,37385.142,47041.174,60269.263,45276.649,61029.9858886138,101334.209832767,97980.8570387662,92499.9825817459,115356.356744367,106607.660803099,92164.7750995353,100707.693449629
 World,Barbados,Import,Plastic or Rubber,Import (US$ Thousand),6,2.027,4.426,1553.144,898.83,1390.187,1671.121,3089.579,2525.12,2253.439,2313.073,2397.109,4362.825,3094.777,3493.734,3651.493,4578.631,9972.708,14772.828,19075.01,37331.496,36978.577,113355.252337772,20341.1212201533,17260.0940826142,4464.28703065943,4247.6058685536,3516.6684913371,4309.78900945205,2950.26635009597
 World,Belarus,Import,Plastic or Rubber,Import (US$ Thousand),,,,,1697.297,6706.215,40077.478,76444.879,102910.16,92062.426,89662.938,63954.342,60257.598,56941.9,60445.813,98574.895,141427.473,188669.537,399522.634,419539.51,491175.8,319946.665,342830.637661726,446722.44503321,1340467.55509018,1484740.12477148,1347202.67386478,996129.552496782,1112572.85211164,1175547.31032207
 World,Belgium,Import,Plastic or Rubber,Import (US$ Thousand),,,,,,,,,,,,11376454.605,11613959.597,11471265.784,12344610.056,14643034.147,18096524.74,21542058.712,24305670.257,28749180.391,29817933.679,22675009.273,27159923.2303963,32199657.9517483,29678258.0095953,30532982.0586605,30982007.5925382,26822891.4483043,26376585.1424604,28750635.3225921
 World,Belgium-Luxembourg,Import,Plastic or Rubber,Import (US$ Thousand),2107585.983,2632464.826,3289701.589,3605661.907,5834361.735,5522044.864,9828585.3,12656719.421,12248138.423,11978573.519,12118925.411,,,,,,,,,,,,,,,,,,,
 World,Belize,Import,Plastic or Rubber,Import (US$ Thousand),164.367,998.051,711.172,382.253,760.301,928.351,468.219,517.995,384.478,663.129,2649.834,606.316,557.592,1316.061,1072.554,1798.258,816.017,1028.331,4852.999,16369.946,105787.544,114891.916,2120.08115849,17369.8050124838,2777.17843287904,8437.34026668446,2323.92815897492,1899.96666686851,1862.68152300581,1366.31745188241
 World,Benin,Import,Plastic or Rubber,Import (US$ Thousand),,,109.103,68.134,,8.002,103.046,92.147,170.119,572.52,531.111,112.948,137.565,151.344,132.459,360.992,251.169,585.001,180.599,666.782,365.045,298.725,500.38809672352,1908.926,850.017,1539.477,838.168,724.81888810546,2246.32261938246,1572.68967547859
 World,Bermuda,Import,Plastic or Rubber,Import (US$ Thousand),2.506,24.998,2.703,6.432,19.648,150.297,79.073,426.163,161.573,85.769,362.182,182.298,434.631,11930.282,3282.978,2651.447,1467.54,822.526,1382.111,2307.391,695.033,455.128,576.158,1128.554,253.62,10674.515,1270.712,1520.69626087,1853.36216002786,393.103700104065
 World,Bhutan,Import,Plastic or Rubber,Import (US$ Thousand),,5.188,,10.272,52.254,29.909,56.737,119.569,99.954,276.088,53.489,65.465,167.647,306.296,672.382,779.088,298.411,328.752,348.122,625.642,2826.416,3071.6,7155.318,6491.938,3392.9727484352,4757.165,6999.493,10460.2465020605,7967.11116330688,7124.76944278324
 World,Bolivia,Import,Plastic or Rubber,Import (US$ Thousand),1,5678.902,1361.059,422.187,256.924,177.651,211.633,773.31,414.041,1678.948,2121.927,1332.238,917.563,1839.038,2431.94,2285.129,2482.845,3927.396,5273.555,5945.666,5645.886,7520.232,43616.16348,71536.11458419,44096.59345401,9650.33721541817,9061.1437077501,4370.5069,3271.40207895674,2477.70559358917
 World,Bonaire,Import,Plastic or Rubber,Import (US$ Thousand),,,,,,,,,,,,,,,,,,,,,,,,0.191,0.193,1.115,3.894,5.697,6.44275378,1.2107490136
 World,Bosnia and Herzegovina,Import,Plastic or Rubber,Import (US$ Thousand),,,,,4528.785,1207.933,312.006,345.329,4485.492,14525.755,7353.673,12057.96,9879.214,9641.074,14626.923,16000.469,28025.296,38936.049,64771.175,90922.229,97773.614,74833.308,80353.440229123,103785.25834794,127227.173344856,157359.665083297,175552.582606912,176551.404650698,190465.806067551,219408.498955666
 World,Botswana,Import,Plastic or Rubber,Import (US$ Thousand),,,,,,,,,,,,,1025.76,827.621,748.912,1202.256,674.483,820.841,2245.981,9874.346,9999.466,34073.26,53256.801649155,26793.337624411,34701.6510037548,25087.4098856099,29472.6119276878,25842.613779863,23776.7820130498,23812.7371682115
 World,Bouvet Island,Import,Plastic or Rubber,Import (US$ Thousand),,,,,,,,,,,,,86.862,4.66,176.452,358.162,,,24.604,35.514,2251.317,165.451,563.40266247936,49843.772,324.305,11.91,14.007,1.085,18.378,90.828014077962
 World,Br. Antr. Terr,Import,Plastic or Rubber,Import (US$ Thousand),,,,,,4.187,,,,,,,,,,,,,,,,,,,,,,,,
 World,Brazil,Import,Plastic or Rubber,Import (US$ Thousand),81547.155,194295.014,248887.947,506115.886,617701.279,962158.75,1308461.799,1414050.496,1414650.751,1487132.309,1500794.931,1436827.046,1769164.438,1618648.076,1624420.172,2271417.001,2687270.715,3586968.864,4193125.243,5260879.051,5129057.37,4528779.868,5389323.08117526,6747623.68528778,6299312.73324181,5673925.61118958,5250198.10183827,4877908.60820001,5047081.56040511,5509771.62646136
 World,British Indian Ocean Ter.,Import,Plastic or Rubber,Import (US$ Thousand),,,7.973,,9.704,12.713,113.415,482.881,142.525,180.865,22.451,53.704,444.02,68.87,122.811,245.782,175.195,57.266,210.718,256.031,10.385,282.186,126.281,472.30344708414,133.5788286888,136.78996874928,231.759,27.202,61.54724621964,67.9844289763911
 World,British Virgin Islands,Import,Plastic or Rubber,Import (US$ Thousand),,,17.902,1801.011,166.489,100.759,559.082,395.492,750.643,2846.224,2097.421,2018.023,1265.477,971.256,1784.539,895.017,1182.634,2967.965,9687.404,6391.929,5154.369,4380.321,5031.18829569432,7812.66193690724,9967.8652824424,108430.557132366,14125.7174357684,8960.55432097584,9432.72964409893,9209.2009219922
 World,Brunei,Import,Plastic or Rubber,Import (US$ Thousand),18.152,54.036,143.582,25.546,125.588,267.48,282.659,1627.264,487.483,455.881,222.411,557.062,370.406,459.048,505.469,660.345,852.008,1895.839,2633.11,2226.35,1733.405,2158.18,2656.47167861204,1894.092,1101.479,811.404,1188.6,1846.833469748,2364.51048294023,2532.106270918
 World,Bulgaria,Import,Plastic or Rubber,Import (US$ Thousand),9081.275,9538.695,11625.944,16172.742,60972.226,46528.138,93094.912,131090.337,161125.19,155485.04,130919.243,125163.052,139400.84,139674.365,152292.192,193657.641,258382.908,323610.43,419450.851,482340.334,525874.217,398067.31,480306.551833771,664936.224055656,674611.684982331,845760.560240972,926318.866356785,866306.013107467,879579.293308341,1046669.04472152
 World,Bunkers,Import,Plastic or Rubber,Import (US$ Thousand),,,53.448,0.88,,0.859,78.469,2218.899,263.474,28.02,67.984,801.649,1389.666,182.08,194.589,157.756,354.375,971.619,714.423,1099.456,1512.184,307.909,410.146,43309.223,11736.69,1877.698,1333.581,102.081,695.35393773786,1932.67167146881
 World,Burkina Faso,Import,Plastic or Rubber,Import (US$ Thousand),,,1,5.932,31.436,87.275,150.471,193.16,238.083,354.542,796.982,622.295,2863.408,5940.748,4769.781,2497.142,3739.42,628.712,1852.688,2365.506,985.34,723.855,2999.92477201474,1003.91167068,2401.45794689272,943.15522447487,813.793,1026.16258,512.62886541954,1097.71409359016
 World,Burundi,Import,Plastic or Rubber,Import (US$ Thousand),,,1.01,,382.152,105.713,26.387,56.954,119.088,121.229,136.903,66.257,68.155,237.774,609.234,59.922,60.586,26.146,93.548,22.948,373.431,53.673,26.704,232.38400167982,645.485,561.0091757805,388.7060971173,124.5921684664,48.786,12.3969444758178
 World,Cambodia,Import,Plastic or Rubber,Import (US$ Thousand),20.087,3093.826,13355.207,6460.577,20729.868,22730.208,40765.903,44753.528,38478.356,66284.2,49197.438,39619.384,50427.812,31241.557,54264.275,61047.208,79353.412,79574.119,105914.022,117403.514,103188.881,101848.888,219296.142193108,350910.876980125,329408.176156168,277664.878684937,217519.508859312,230720.959961375,284754.751958957,231596.968217895
 World,Cameroon,Import,Plastic or Rubber,Import (US$ Thousand),2756.89,6352.178,7445.723,15809.039,17621.879,25654.529,57249.515,82346.616,78778.386,68958.645,45537.738,37117.519,45653.954,40910.401,44113.923,69550.669,78868.099,83553.799,131294.626,128708.441,148391.133,100299.681,162427.897772762,240010.763806755,173121.318471815,151360.628066864,112452.058097516,100635.89298215,62561.2973323752,75960.1383352279
 World,Canada,Import,Plastic or Rubber,Import (US$ Thousand),136431.783,294784.875,418652.532,3057337.221,3646033.55,4212374.139,5156496.689,6304090.791,6818293.515,7885888.483,8078030.424,8954877.92,10191063.794,10226779.165,10609584.281,11546341.088,13393771.852,15334299.336,16444494.773,16456309.743,16609842.577,12352223.048,14996934.6641957,17183488.7246605,16914637.268471,17309409.8520036,17823110.6976022,16712805.0000399,16018491.8356832,16267130.4337039
 World,Cape Verde,Import,Plastic or Rubber,Import (US$ Thousand),,,112.373,,31.728,72.718,106.609,100.166,30.365,1102.785,16.379,14.083,150.325,62.888,61.701,157.764,113.629,231.473,314.122,747.249,1339.829,2628.467,3327.92104953886,3786.63825389906,3638.87689597056,3395.033,308.17060776,1267.458,258.03865718578,512.090792565683
 World,Cayman Islands,Import,Plastic or Rubber,Import (US$ Thousand),,,1702.723,1895.446,2459.28,1883.217,149.889,5677.604,331.621,656.486,378.914,343.123,332.657,321.633,623.095,2427.012,679.293,184.645,400.334,477.36,410.986,1143.054,519.4802505008,448.1765099592,935.49800568632,623.358,296.943,1192.35683733356,9042.34850220413,591.017945230135
 World,Central African Republic,Import,Plastic or Rubber,Import (US$ Thousand),31,2,,,174.596,80.643,104.437,1468.884,553.283,172.912,297.744,320.312,741.92,199.336,780.788,204.16,973.054,2944.286,281.163,437.982,1407.903,252.946,400.21776381658,33.793,260.255762668,841.4217714787,607.47815285122,568.26638,434.5237552865,596.812830348975
 World,Chad,Import,Plastic or Rubber,Import (US$ Thousand),,,,11.292,36.405,5.689,14.591,26.213,1.476,1.238,82.764,5.169,113.972,210.218,210.587,622.989,183.486,853.088,860.828,356.556,221.401,2927.451,1060.34729430516,85.78688933288,4030.763,4790.568,1027.10086563024,369.71511,811.13952958508,3780.69054538837
 World,Chile,Import,Plastic or Rubber,Import (US$ Thousand),873.935,3069.734,4656.623,14688.497,35761.869,55577.724,86308.495,106964.132,124374.018,122977.192,141840.838,155290.319,210507.688,234500.731,239976.812,280576.655,368042.477,441855.563,519782.997,521424.733,625726.866,478939.235,613898.303813801,876098.939270967,930410.820436292,893105.087745223,948837.753427785,816507.265935094,706376.655100969,740082.31171463
 World,China,Import,Plastic or Rubber,Import (US$ Thousand),103083.274,252666.13,382026.887,1129493.79,1661320.599,3809462.508,5135938.074,6787600.144,7296890.121,8446019.671,8908030.547,10301797.565,12913947.862,13571611.727,15886484.383,18898546.834,24004444.122,31017570.678,38302689.383,47755473.976,54884186.618,46715510.614,61820675.9773061,75258978.5372062,79272267.0937694,85169314.5471131,91848890.7603317,86514581.4613626,83621474.8043927,85121239.7402743
 World,Christmas Island,Import,Plastic or Rubber,Import (US$ Thousand),,,,,15.109,19.561,3,26.586,2.949,65.918,28.18,24.259,92.499,20.949,82.007,113.402,50.935,93.258,90.455,65.651,198.328,31.369,60.80021,17.21278738794,184.78,58.25102412363,66.17656188,207.49476540083,19.25133660562,351.953990270703
 World,Cocos (Keeling) Islands,Import,Plastic or Rubber,Import (US$ Thousand),,,12,21.235,40.693,44.966,3.451,9.552,2.816,42.243,52.204,87.306,174.725,139.817,32.188,0.909,154.037,140.09,195.434,321.409,215.24,116.986,143.179,349.1108,170.39756853256,79.03536,62.78273124436,113.30185,24.2531257,66.7871464861013
 World,Colombia,Import,Plastic or Rubber,Import (US$ Thousand),640.323,5198.513,39071.549,117581.101,144796.695,127672.19,287489.979,419376.38,401449.33,410539.646,358595.114,365698.804,443099.29,469440.984,504994.856,612435.358,828090.524,1025397.442,1155909.042,1332115.165,1620676.726,1269978.047,1490285.23465426,1810842.13988548,1847383.33904694,1736158.36386163,1525526.64728911,1368942.29952014,1282800.19469685,1318558.46675493
 World,Comoros,Import,Plastic or Rubber,Import (US$ Thousand),,,0.853,13.826,0.597,6.569,32.667,,5.755,114.125,180.633,355.326,115.719,110.874,22.565,23.769,3.375,12.134,55.939,21.216,170.016,136.72,0.935,42.23830685,50.62054,4.44141,25.4703072,45.81287268,11.21019900256,16.33051344286
 World,Democratic Republic of the Congo,Import,Plastic or Rubber,Import (US$ Thousand),2408.417,6920.918,5722.953,3191.56,3050.129,3325.098,6801.104,9420.434,10996.96,8135.146,3256.227,1248.868,407.299,1081.182,666.928,1914.33,2507.944,3964.085,5390.577,6123.414,4878.556,2637.066,6871.40455526856,19347.1866348734,10518.0155213387,13638.6448126778,20113.3372042876,3948.12797266688,2102.35765527258,1138.61315375367
 World,Republic of the Congo,Import,Plastic or Rubber,Import (US$ Thousand),4,9.571,5.773,8.81,17.03,191.204,148.416,79.128,402.16,987.625,1188.318,608.174,655.547,315.368,257.321,1743.112,1755.102,2672.165,6011.365,8457.461,9977.792,12293.326,21720.627220581,39092.3330044011,28799.197595025,15667.1717264621,6743.056,3767.40616840851,978.76299451389,2119.90896740725
 World,Cook Islands,Import,Plastic or Rubber,Import (US$ Thousand),,,3.323,,147.513,44.61,47.937,30.967,222.881,346.656,149.347,,215.792,50.089,10.794,38.499,38.255,283.149,56.362,18.909,26.908,141.156,314.70032204064,57.36865768,122.7718924,31.562,64.579,171.179,66.0857980191,137.58036041745
 World,Costa Rica,Import,Plastic or Rubber,Import (US$ Thousand),314.273,723.75,1467.757,26756.744,27641.954,53235.874,82248.992,101254.689,109337.138,127774.742,145086.594,175963.473,163712.732,207997.421,239644.752,251941.244,307064.039,373461.202,367486.935,447337.896,455341.251,421988.146,503781.116720817,642169.162603445,596235.476027768,584099.847815118,646111.869957335,632609.487547824,598371.719830886,565205.735633402
 World,Ivory Coast,Import,Plastic or Rubber,Import (US$ Thousand),16067.909,24443.672,21778.357,30451.403,37172.121,43900.279,76762.669,124424.748,141733.393,124403.427,102201.377,97584.457,127957.04,111384.789,113122.036,172019.947,193971.231,234635.309,380694.773,439259.356,606024.055,411410.814,783884.627877495,1205362.05069421,1003422.66620597,1036030.56817,831534.452837972,716893.396826026,784866.813453906,1199853.21844825
 World,Croatia,Import,Plastic or Rubber,Import (US$ Thousand),,,,,24450.2,56345.638,223514.929,331074.651,243276.295,229668.487,236409.902,190939.47,183646.257,149573.651,150343.655,183889.967,289728.028,365659.503,390143.565,485658.097,533900.003,363862.428,484725.050019843,452098.828650437,264696.227670798,286182.397973438,337980.965493183,304969.332545297,329164.337934882,406703.868254894
 World,Cuba,Import,Plastic or Rubber,Import (US$ Thousand),,27.799,54.563,10.792,64.017,154.09,228.256,634.674,213.689,418.751,529.407,3237.159,321.303,956.646,626.06,2307.898,760.618,772.295,684.176,933.731,546.517,974.006,911.44634598536,1220.81745404354,19436.9923796576,4130.1993904,1058.03393844642,3188.085753,1418.45126896307,277.451200010435
 World,Cura√ßao,Import,Plastic or Rubber,Import (US$ Thousand),,,,,,,,,,,,,,,,,,,,,,,,7506.62036034,6153.19312873392,6036.1897904304,4870.30591091474,9854.7009293295,3905.36532949785,3610.40066693373
 World,Cyprus,Import,Plastic or Rubber,Import (US$ Thousand),155.991,1097.538,863.001,1296.944,3547.371,7780.877,6690.203,10078.219,15430.117,14368.541,12322.935,10626.994,14647.01,11049.757,11936.71,14801.305,18965.325,30939.443,37307.803,50831.893,44742.171,53406.091,47280.1070414126,47635.6322697989,40805.47167384,44909.7530764336,43243.201524397,36093.4158040618,40222.2585966996,47003.5415615104
 World,Czech Republic,Import,Plastic or Rubber,Import (US$ Thousand),,,,,,309487.629,687041.118,963721.502,1159040.229,1223555.625,1375720.603,1470806.747,1620439.084,1729126.698,2024149.679,2718328.207,3378624.776,3813096.156,4561478.923,5826226.135,6687091.277,5505290.982,6773828.93853065,8460620.40661918,8207374.72848819,8646478.84095792,9148869.26649561,8012556.19514182,7947406.69219459,9398253.07974987
 World,Czechoslovakia,Import,Plastic or Rubber,Import (US$ Thousand),114581.33,136127.927,176980.385,230920.815,388933.604,,,,,,,,,,,,,,,,,,,,,,,,,
 World,Denmark,Import,Plastic or Rubber,Import (US$ Thousand),240408.85,277520.455,364042.632,412282.267,803278.66,757675.371,1175614.49,1494678.698,1503835.519,1443362.851,1519544.839,1475502.387,1377854.763,1521444.918,1739080.272,2080972.738,2546890.177,2783606.392,3080724.074,3387680.079,3419465.7,2691011.828,2650144.32807442,3209894.95052995,2939890.65621725,2932525.37881025,3113501.01544223,2724308.14313128,2747124.6518381,2944503.30485669
 World,Djibouti,Import,Plastic or Rubber,Import (US$ Thousand),8.613,,25.863,97.379,17.76,18.648,126.489,2783.928,137.154,141.97,495.021,654.33,108.86,3741.767,1361.741,804.721,473.892,1534.84,1633.749,392.218,4236.727,775.32,445.258872031,387.1981792656,1120.9503201572,2290.86296084636,3890.38582408,1007.63667798,2742.30939876773,2004.61403994623
 World,Dominica,Import,Plastic or Rubber,Import (US$ Thousand),8.027,22.161,135.366,144.573,915.108,820.489,1327.36,1366.688,1078.159,1969.116,1810.5,2351.765,1205.368,1471.645,487.973,2296.693,941.651,1334.897,1382.861,3893.886,4087.312,2789.199,2411.37577464668,4577.41135224132,3720.3039,1227.75944348873,1685.0225561382,2099.42065564346,1948.10055791638,1767.69387629168
 World,Dominican Republic,Import,Plastic or Rubber,Import (US$ Thousand),1,393.114,663.434,8543.242,11706.283,15087.184,27989.295,57169.572,52063.142,40033.174,51407.199,48915.792,53276.574,74163.045,98263.146,151023.837,159200.062,206352.259,273070.314,345021.249,351876.273,339496.068,369022.982630887,427945.944671331,398987.752786115,402000.088431583,440609.057586005,389348.466115947,368417.760983388,390854.077665505
 World,East Asia & Pacific,Import,Plastic or Rubber,Import (US$ Thousand),4503437.902,8449574.169,9146731.537,15289895.141,21603945.06,26965169.998,33616955.13,44612246.743,45710498.391,49785298.75,48968696.886,51824412.216,61572827.388,58625453.893,66141647.729,79707684,99443208.74,118736904.801,140301924.633,162043826.755,185006503.485,153689987.81,214095706.098304,259296212.152377,253700886.046731,256534060.90427,260405574.685457,236484143.570909,228589125.249607,228207779.597494
 World,East Timor,Import,Plastic or Rubber,Import (US$ Thousand),,65.264,,9,22.025,51.076,82.552,4.601,37.203,27.97,2.892,2.936,0.87,77.162,88.813,360.089,271.951,130.36,399.514,60.457,567.097,11.273,74.57244477968,147.03099654,377.77896637176,227.78,84.99507943028,160.43857825617,34.72432,50.4900046843054
 World,Ecuador,Import,Plastic or Rubber,Import (US$ Thousand),7.482,53.196,30.06,602.077,2398.823,3390.698,10363.374,27402.6,36289.17,45759.007,42455.323,48265.335,55700.12,54330.768,57036.94,52403.7,62155.811,80614.63,91012.501,114630.322,134636.645,120705.372,143234.954053739,206317.598443548,234262.454947862,240134.660297195,211294.288101501,156067.952398661,148884.754317572,158488.304288355
 World,Egypt,Import,Plastic or Rubber,Import (US$ Thousand),7.615,1135.197,838.329,4965.549,8454.962,10579.053,19619.142,40391.267,49173.547,57416.79,66728.738,66012.266,82651.634,118938.722,144830.499,223853.556,274964.708,377324.996,552024.612,614502.648,735229.06,570310.105,714579.347747453,902927.466294964,915697.899079881,1206687.68842718,1495407.78297299,1243558.33471897,1076783.09206592,1382120.15044807
 World,El Salvador,Import,Plastic or Rubber,Import (US$ Thousand),3,9,61.072,1261.465,1816.18,15902.179,22984.959,23499.999,23504.46,28381.092,38711.328,43006.382,36438.044,68552.852,65206.285,70470.424,89339.401,107695.608,80506.181,161706.727,165390.651,180947.038,228832.932421707,282000.061228947,284311.449588354,263536.709884966,298407.607591989,326530.961873011,335466.171255489,180406.359571907
 World,Equatorial Guinea,Import,Plastic or Rubber,Import (US$ Thousand),,33.598,,,23.856,,0.825,34.505,,130.067,9.578,73.987,8.581,412.192,706.492,1766.781,804.663,214.711,157.045,871.415,410.484,2888.129,1693.493,833.867,114.11,768.147,123.65705629,49.22273881444,61.92817,122.481923191429
 World,Eritrea,Import,Plastic or Rubber,Import (US$ Thousand),,,,,,,5.233,47.699,40.149,49.827,246.771,19.429,28.115,304.606,360.293,365.868,115.109,113.136,685.298,105.153,84.694,741.679,252.10178060484,57.43920134372,50.32653804056,124.39038281172,185.14210762768,193.03538236603,25.10508864005,83.5020934567052
 World,Estonia,Import,Plastic or Rubber,Import (US$ Thousand),,,,,899.238,2660.621,12497.901,24740.821,32439.537,40609.37,49396.348,43600.87,52354.796,55294.664,71888.419,99355.257,138043.686,205677.733,261956.296,314887.79,333484.772,227685.455,286568.931421489,415285.477263722,392113.61445919,398269.779382649,442140.597283436,360711.851176399,358634.341291735,412015.755945778
 World,Ethiopia,Import,Plastic or Rubber,Import (US$ Thousand),,,,,,151.227,650.025,664.521,143.819,391.005,516.984,191.309,480.404,980.096,270.838,2515.72,1167.578,740.201,1514.283,2675.676,1732.95,1327.688,783.09481691216,1524.62495,1634.69123387288,575.1495401513,2594.12985071302,3067.83901376496,3424.93542779279,4926.92615275766
 World,Europe & Central Asia,Import,Plastic or Rubber,Import (US$ Thousand),14822498.083,20482841.896,25447292.02,28728278.914,41387314.102,42948147.064,71935757.85,99520935.065,100129556.419,100553261.022,104347403.721,115196974.081,117010428.655,116720606.876,127144738.491,153620828.734,187424854.79,208799111.457,239972903.001,278816846.4,302150969.58,232808109.819,276732023.481783,335721558.072116,315279458.569019,332571350.720569,338873587.784103,291985891.370919,290374980.740865,321583375.026517
 World,Faeroe Islands,Import,Plastic or Rubber,Import (US$ Thousand),4.478,360.742,188.4,183.499,198.128,65.081,162.219,380.501,340.678,429.157,136.809,344.707,3862.951,758.343,2103.325,2169.73,1595.461,785.209,1100.447,1917.924,1872.726,1482.085,949.9791992,1326.45009169,870.38144991,1284.51417824,658.215,940.018,1226.7008544654,856.89465814931
 World,Falkland Islands,Import,Plastic or Rubber,Import (US$ Thousand),,,,,86.155,5.912,95.395,150.901,244.624,108.185,304.32,68.049,239.625,270.419,25.773,3.456,15.8,67.478,920.379,65.277,137.352,504.848,144.18297562276,161.61063414,66.05720371,5.76155843094,41.26006337032,64.02134441583,49.858,25.843284739749
 World,Fiji,Import,Plastic or Rubber,Import (US$ Thousand),121.731,145.133,530.311,335.334,562.134,474.094,464.274,765.393,698.947,707.492,961.218,1231.716,1317.316,1204.277,1454.18,1600.304,1531.853,2106.611,3973.444,3799.369,3772.619,2923.164,3753.4659158,4011.61,3084.2628991,3235.2148268,2903.02244431331,2971.59509378865,4112.00002074573,2709.25621896621
 World,Finland,Import,Plastic or Rubber,Import (US$ Thousand),76121.207,159612.823,217473.474,262840.524,534108.782,612939.163,864917.823,1104424.66,1129115.681,1159236.891,1178706.141,1147844.373,1183757.377,1194453.849,1320578.387,1616689.989,2062463.613,2361153.424,2621374.052,3149740.365,3535684.164,2641803.899,2838002.91308588,3498008.41505433,3179451.5403187,3355729.95019408,3292336.63419989,2726995.06066154,2676193.15811077,2930161.3003277
 World,Fm Sudan,Import,Plastic or Rubber,Import (US$ Thousand),,,110.502,9.266,66.861,323.871,251.246,480.059,713.277,377.338,713.243,2310.464,429.901,1078.824,3632.67,10258.365,4213.686,2491.789,1504.141,1772.198,778.253,751.332,1333.83515256856,4940.719,,,,,,
 World,Fr. So. Ant. Tr,Import,Plastic or Rubber,Import (US$ Thousand),,,3.106,1.752,,,,,29.73,6.102,,,0.574,2.732,5.096,207.986,39.766,24.594,30.29,87.901,86.51,82.703,324.649,17.026,26.812,86.598,42.397,50.075,1.55681,5.229
 World,France,Import,Plastic or Rubber,Import (US$ Thousand),2916578.985,3790693.362,4644506.909,5290239.585,6900950.334,7060824.841,10525272.475,14603158.005,14155169.619,14018360.967,14313080.727,14297527.554,14415012.666,14007018.095,14570045.861,17106279.753,20985847.17,22514269.682,27681578.584,28599496.252,30797570.035,23254825.073,26013511.4852546,31628476.3400404,29589751.2333221,30648799.572744,30706002.4097054,25633878.1863831,24866160.6765474,27317763.109085
 World,Free Zones,Import,Plastic or Rubber,Import (US$ Thousand),,,67.21,3527.257,13851.346,12035.756,139417.616,193059.444,96212.907,222792.441,192931.783,251706.076,31545.083,59704.852,41141.483,69943.363,81461.975,121190.836,151402.893,215408.844,267466.099,228932.179,274243.30333,283460.871,527289.746,486301.034,524593.954,592092.078832633,578350.164,487168.095347176
 World,French Guiana,Import,Plastic or Rubber,Import (US$ Thousand),11,16.281,5.073,109.251,39.014,40.774,41.321,37.457,,,,,,,,,,,,,,,,,,,,,,
 World,French Polynesia,Import,Plastic or Rubber,Import (US$ Thousand),,1.745,49.87,48.721,11.625,18.229,83.255,218.4,76.029,105.866,100.485,445.788,147.305,97.599,241.382,519.772,429.623,478.686,364.299,543.179,513.829,526.506,316.082,798.958,531.923,494.403,439.104,353.7620598,336.95282315119,408.371670525836
 World,Gabon,Import,Plastic or Rubber,Import (US$ Thousand),,84.747,10.989,203.737,618.576,768.876,2443.019,4860.692,8668.109,10199.373,9949.212,5070.47,2304.403,4213.07,1847.366,3925.096,1880.737,11861.068,28580.773,27934.635,62715.614,28966.546,51838.8184263718,90484.7652983374,57854.2475462109,56288.2807438434,35612.2531471543,29755.5514041811,19230.344011506,30502.7836901553
 World,"Gambia, The",Import,Plastic or Rubber,Import (US$ Thousand),44,4.927,154.433,254.187,152.83,42.403,254.728,39.719,294.161,217.978,171.148,328.828,207.305,128.487,331.151,229.732,570.151,131.03,209.037,503.992,192.205,3765.754,130.12587207,664.627,241.58802870352,160.651814227,66.03,56.339,85.44083919649,38.7075687865426
 World,Georgia,Import,Plastic or Rubber,Import (US$ Thousand),,,,,746.7,770.954,346.755,1478.938,1066.047,1333.276,1425.336,1941.517,7028.935,4127.799,4233.917,3606.735,2904.124,6300.997,5083.457,6486.58,6860.769,5926.808,5412.41720611952,9370.08403966066,13391.1880387943,12234.8313855418,10668.4990099915,11477.7118062916,22221.353573352,29632.94169096
 World,German Democratic Republic,Import,Plastic or Rubber,Import (US$ Thousand),69982.268,96836.279,94685.058,,,,,,,,,,,,,,,,,,,,,,,,,,,
 World,Germany,Import,Plastic or Rubber,Import (US$ Thousand),2299916.039,3987535.744,4974198.68,5791860.554,10034846.746,10881912.48,20891024.303,28396581.46,27959192.264,28083997.946,29049137.522,29343135.557,29881576.032,29695794.131,33005146.417,40820626.602,49904942.583,54897904.552,61564673.581,71794270.841,78056312.661,60565526.131,72366422.9927126,86901155.0890323,80639036.8912486,85239168.2628643,87004811.9937135,74567542.5797744,74904691.1792035,81027643.0321739
 World,Ghana,Import,Plastic or Rubber,Import (US$ Thousand),74,744.231,1651.157,2039.215,2810.605,5323.562,8282.79,11678.431,12066.817,12350.892,4639.425,5582.517,4208.446,3533.997,8402.174,18813.013,19651.189,24804.338,27275.188,48314.612,52305.373,42494.983,64087.5115437007,162059.514180218,90428.2848182342,78794.1646634021,79672.4071153167,65555.8610930065,61451.1040641488,80060.026604914
 World,Gibraltar,Import,Plastic or Rubber,Import (US$ Thousand),,127.905,123.284,166.981,152.213,103.522,253.492,561.684,586.425,282.42,294.843,387.093,75.224,598.88,493.522,539.492,230.535,172.321,115.498,1329.567,351.445,1401.172,326.973,164.744,154.565,201.929,677.226,256.55358963024,349.19082132864,272.352979752743
 World,Greece,Import,Plastic or Rubber,Import (US$ Thousand),23779.283,38068.926,46533.673,68780.385,74234.88,124674.241,151289.271,223570.332,262476.969,272507.649,287234.487,318136.541,337138.415,364826.131,472369.435,590633.077,709344.717,854704.326,1022693.159,1221144.151,1355020.23,1049804.7,1181138.73328472,1396949.04394817,1282443.91946424,1313572.97024281,1393280.61387527,1197093.51379478,1143045.7223024,1430794.1030447
 World,Greenland,Import,Plastic or Rubber,Import (US$ Thousand),5.614,8.527,42.177,2.683,247.292,115.046,45.864,42.485,143.891,18.923,32.722,73.279,302.693,311.273,302.11,172.942,152.382,28.03,155.612,219.931,348.613,210.855,105.08958843,201.598,69.49233073,82.02,92.553,20.439,33.80289045816,480.444952805348
 World,Grenada,Import,Plastic or Rubber,Import (US$ Thousand),,27.137,21.291,638.519,518.995,926.188,839.46,343.582,54.859,18.886,79.657,33.593,547.738,201.429,484.001,1298.996,82.249,32.695,108.191,145.216,309.324,72.773,61.28947359,225.91405369,108.71950093,114.7519350962,154.88842965188,290.0734644468,86.57727419274,533.281575103085
 World,Guadeloupe,Import,Plastic or Rubber,Import (US$ Thousand),,1.693,3.876,1.56,132.768,170.828,1546.115,854.518,,,,,,,,,,,,,,,,,,,,,,
 World,Guam,Import,Plastic or Rubber,Import (US$ Thousand),,,,,,,,,,,,,62.304,4.887,24.23,501.947,257.846,586.824,384.998,2781.832,931.905,1406.867,1149.7764680106,1400.806,1128.918,1670.47557798088,437.80504138338,414.192587238,362.57276448352,394.718211756418
 World,Guatemala,Import,Plastic or Rubber,Import (US$ Thousand),691.909,1694.863,12554.402,27133.931,32511.795,37941.928,84853.411,98322.131,111549.727,117913.522,114555.732,107322.093,120222.409,119292.36,133542.521,150854.338,191353.919,235628.89,253293.456,333499.831,366342.517,316744.115,440211.944816555,635583.024477315,560202.072524883,465844.900649661,464791.869830152,436065.284200135,415826.733271377,408199.085847653
 World,Guinea,Import,Plastic or Rubber,Import (US$ Thousand),54.656,21,21,0.579,7.829,139.388,142.937,810.048,2154.887,889.977,427.301,613.823,547.605,1452.07,1836.889,10311.633,13248.897,13504.465,14453.653,27778.327,29956.938,12697.909,30098.987251987,71651.4363800595,37377.0674680914,33300.7184967852,28579.04971228,23605.2966714724,23360.6391589071,40970.3425021749
 World,Guinea-Bissau,Import,Plastic or Rubber,Import (US$ Thousand),,5.56,,89.685,51.504,27.357,30.923,7.894,28.16,,16.849,19.003,3.852,15.777,22.838,397.954,25.098,145.104,237.622,90.55,692.037,70.744,6421.392480206,5971.903,7324.051,1371.968,813.56416,26.0407326439,7.39,198.705015076873
 World,Guyana,Import,Plastic or Rubber,Import (US$ Thousand),2,26,3,4.347,33.687,96.215,100.296,50.568,226.281,1175.731,1123.184,1267.209,1215.724,862.652,890.74,1269.08,824.287,744.484,428.664,2515.175,2172.326,1499.007,265.67153,374.313,803.775,359.2229734218,622.2899642704,1763.586179838,2520.1574752645,1536.41414636827
 World,Haiti,Import,Plastic or Rubber,Import (US$ Thousand),37,9.914,26.944,3989.874,1484.341,1952.61,683.101,1423.837,715.207,194.844,286.318,319.774,563.044,426.539,790.073,371.366,440.619,768.828,756.062,552.378,449.335,481.852,339.191,787.05475,2168.17083,2732.99303327138,3935.73827,3139.857089778,2360.80729314671,2766.07990508992
 World,Heard Island and McDonald Isla,Import,Plastic or Rubber,Import (US$ Thousand),,,,,,,,,,,,,17.309,,58.44,,18.405,0.274,5.872,21.201,10.793,4.834,27.44592504512,8.83,6.0465,7.394,1.104,0.416,0.28791864754,431.02407528723
 World,Holy See,Import,Plastic or Rubber,Import (US$ Thousand),,,,,,,,,,,,,74.394,97.873,83.198,121.645,8.517,174.128,165.191,114.368,311.958,452.088,147.94295046008,24.456,24.46800294392,12.6,326.52213805214,381.87604299261,6.56140143344,293.86745401229
 World,Honduras,Import,Plastic or Rubber,Import (US$ Thousand),6.922,159.219,48.265,4669.284,5896.974,8487.25,11089.97,16250.884,16383.301,18552.938,23071.522,17489.952,16116.335,17149.451,23442.458,23065.615,29901.892,31745.959,32484.081,56378.014,77952.377,55330.893,69442.3383066185,99285.5457534766,84682.6308959638,82424.9220570758,80067.1790364983,82488.0263832549,84350.4714484889,78242.8723956901
 World,"Hong Kong, China",Import,Plastic or Rubber,Import (US$ Thousand),141150.129,245147.46,292796.547,522926.314,2881572.783,1457922.878,1296027.404,1432061.085,1373995.957,1352040.463,1282718.929,1481253.01,1536400.474,1498669.208,1567690.418,1701525.33,2174501.027,2486676.644,2717789.801,3384856.823,3906165.133,2384197.775,3119293.26546556,3121878.8222866,2889160.3550735,2766565.97415582,2907996.96538434,2726822.3519674,2569952.20760071,2031215.87093212
 World,Hungary,Import,Plastic or Rubber,Import (US$ Thousand),102415.894,131341.38,159233.239,162119.27,240544.395,230947.286,510653.283,803915.011,813072.231,935265.168,980218.271,969611.348,1180236.591,1233543.602,1344460.554,1627306.627,2067824.72,2488890.404,2972681.464,4131222.831,4650595.794,3608478.094,4435388.02329171,5789583.62730016,5561994.90416912,6173989.76275284,6285417.52099135,5747752.63893411,5708316.33337316,6560941.27334299
 World,Iceland,Import,Plastic or Rubber,Import (US$ Thousand),289.749,915.965,1093.429,2086.2,2172.801,3447.276,4685.628,7101.382,9172.891,9768.345,10519.551,10458.482,12679.403,10029.218,13527.863,15288.474,15697.578,17957.407,40963.322,22489.232,22972.911,23923.205,27400.3533304151,25833.0360675407,22976.3739560736,19063.0305300705,24161.6323362299,17433.2005463271,15815.3455125302,15631.0157452268
 World,India,Import,Plastic or Rubber,Import (US$ Thousand),5643.476,23058.552,33312.797,100968.747,169051.85,301981.511,424763.235,527048.26,533988.297,627345.707,646784.33,724618.868,969648.758,1159553.765,1505518.935,1903497.428,2577481.823,3339235.969,3929261.649,4210018.55,4895951.754,4030339.78,5470771.48937648,7371178.28087562,7275092.68677377,7843838.18297143,7746648.91952227,6954235.79997022,6863146.32632716,7194652.58421667
 World,Indonesia,Import,Plastic or Rubber,Import (US$ Thousand),200522.318,328730.662,307991.544,863091.526,1043586.526,1180927.869,1553464.478,2569983.973,2949602.531,2842786.556,2712876.545,2284327.933,2655871.014,2455994.585,2743901.807,3709504.973,4866019.557,5664703.2,7655021.49,8644621.053,10353148.647,6916239.414,12260447.5541057,18478706.0026051,14198572.3250909,12793448.1848751,11076004.4125542,9306041.06433187,8569908.64508675,10522843.4562498
 World,Iran,Import,Plastic or Rubber,Import (US$ Thousand),561.019,781.075,867.122,1340.05,5415.802,4286.007,7766.782,14753.234,39330.055,55733.273,50776.169,98085.209,104269.761,118911.605,119024.894,122628.169,148400.225,209300.402,477566.122,571231.636,661836.946,1264275.195,2744180.09222662,2513763.97994581,2734631.6084305,3058498.42810073,3280596.98461599,2977868.3033962,2943021.62962451,3469324.39111813
 World,Iraq,Import,Plastic or Rubber,Import (US$ Thousand),32.769,3.527,460.093,127.134,73.032,112.368,169.422,995.546,1021.433,1085.853,146.771,423.085,162.668,236.668,109.505,847.905,62824.444,1191.065,591.829,702.332,439.909,428.468,7007.18942936504,12032.3405233981,13479.8234338738,13565.52119376,13315.4409586415,13533.68162,15745.7442051558,11438.5904698322
 World,Ireland,Import,Plastic or Rubber,Import (US$ Thousand),133391.83,160569.829,207309.977,289616.238,413262.107,578885.3,703288.777,842878.157,849110.268,756880.802,757253.86,721061.311,766123.167,718795.271,751480.707,918875.84,1103595.646,1184821.633,1296396.528,1547551.649,1556204.168,1245651.817,1407241.20377463,1669492.76746163,1564276.87378787,1773746.83935264,1866329.89410307,1754649.99813744,1729886.25894528,1939101.75829742
 World,Israel,Import,Plastic or Rubber,Import (US$ Thousand),69019.378,100480.079,135408.787,236678.008,315589.184,386890.779,572442.059,804483.993,805936.572,903174.701,973721.589,970606.46,1083538.038,1053413.599,1100188.961,1256636.872,1442821.124,1689734.376,1770687.021,2200913.525,2619446.426,2132090.994,2389766.17930708,2939410.36856473,2682944.43332413,2689515.87037508,2863123.42583242,2588237.96362746,2576774.29066796,2908972.2091127
 World,Italy,Import,Plastic or Rubber,Import (US$ Thousand),1998628.808,2720958.661,3399144.901,3764812.696,4876577.952,4804564.696,7937599.48,11247434.189,11171380.106,11303586.597,11796872.324,11275718.877,11256094.485,11473509.494,12431831.566,14734127.44,17632633.967,19018654.358,21073029.435,24521864.869,26538283.388,19985169.088,23391332.0648891,27207543.9888281,25038617.9730304,26518968.0724254,27010105.3703261,23457257.8790613,23730311.6822343,26169850.710776
 World,Jamaica,Import,Plastic or Rubber,Import (US$ Thousand),7,8.992,0.528,6929.804,6461.38,5209.704,6947.113,4806.012,5539.708,5186.258,2742.233,3475.35,4299.302,4268.093,6517.421,5977.21,7327.159,8604.758,9036.879,7768.179,6060.692,3989.055,3027.42534823,6566.67103324694,7336.54463161,6781.3952136421,6921.0018316195,7979.49791222462,8944.9730329839,8708.9279300061
 World,Japan,Import,Plastic or Rubber,Import (US$ Thousand),1808290.446,3571540.635,3985902.074,6709338.706,8280978.554,10569686.335,12982364.609,15934864.236,15800623.836,17217541.381,16056550.021,17560850.12,19622638.167,17416192.937,19424523.287,22578323.376,27197787.551,30209025.694,33588119.552,37263125.505,40940419.66,35907929.296,48021692.4113699,52668355.9665596,51542179.7677808,47531382.2339575,45585104.2174015,40220682.1958028,39748014.2696577,34537683.9569025
 World,Jordan,Import,Plastic or Rubber,Import (US$ Thousand),908.1,1448.047,767.034,521.714,5180.588,2772.206,4311.243,9061.242,11690.848,10462.931,14190.764,25724.75,20751.242,19809.092,30627.64,38293.2,71322.101,69954.905,81501.593,94549.954,85276.462,75209.574,106534.930399113,142969.153731189,171956.787963989,205882.776689291,277183.866720353,198147.460585085,181281.427937131,124477.072003643
 World,Kazakhstan,Import,Plastic or Rubber,Import (US$ Thousand),,,,,750.352,3988.498,5150.277,7298.922,35040.637,10608.818,9866.844,4540.129,5764.779,4820.144,7330.174,11708.379,16382.181,21123.295,33652.733,36224.407,51444.831,37471.423,27357.5076373521,51926.5912350144,378593.456894829,81223.7824,91218.64095,57419.8181010326,93806.0135087357,81126.3081820849
 World,Kenya,Import,Plastic or Rubber,Import (US$ Thousand),25.672,30.104,229.52,1182.005,762.764,1469.076,11320.49,21820.18,20714.573,29769.604,26507.55,25566.152,20786.563,23376.785,21700.811,28165.457,33245.771,41811.772,49303.422,48934.994,77807.306,65152.057,76638.6245209205,111136.996797865,139606.934301587,124127.811442917,129243.640009947,102567.365993608,89897.8973545382,69762.7723482302
 World,Kiribati,Import,Plastic or Rubber,Import (US$ Thousand),,,,,9.976,10.061,3.616,11.249,14.372,,19.894,,23.277,440.56,0.984,380.418,56.377,101.651,38.618,92.903,41.161,241.127,411.314,215.245,97.22523007648,121.68772,40.782,256.32,53.231,158.3560135376
 World,South Korea,Import,Plastic or Rubber,Import (US$ Thousand),2386.4,4850.101,4418.534,42657.806,24154.616,33997.262,43695.603,34069.818,46910.096,45353.012,53434.478,60927.785,78541.271,60022.308,52902.264,50332.15,38066.524,74094.979,114942.497,87471.318,106352.477,67412.391,82404.2427824023,45942.7409743444,67521.7547263421,56091.5035180336,41411.510481998,31268.1303624515,21942.2318540553,16318.3030137176
 World,North Korea,Import,Plastic or Rubber,Import (US$ Thousand),473707.381,802041.242,945384.314,1785283.856,2560618.283,3514469.531,4465525.012,6280555.807,6491799.304,7618104.794,8326896.03,8249248.669,9721273.013,9387774.009,10216733.835,12401737.699,15804618.759,19298207.702,21359156.448,24314324.211,27851261.357,24233677.518,32790731.9260691,38920302.1873284,39408986.1458452,41971397.6860713,42783136.4289535,38257004.3271956,37021147.5969006,35419315.4865091
 World,Kuwait,Import,Plastic or Rubber,Import (US$ Thousand),292.656,926.386,984.025,226.252,3428.979,6216.747,10869.382,12490.077,9308.031,6360.697,167969.717,298248.721,402553.839,420775.482,414262.682,495537.288,678192.516,737022.955,723382.6,823077.974,950236.018,872917.407,1229881.85832527,1172944.92017156,1348526.62709471,1465117.33909341,1298369.78900943,1066571.64770751,1048698.94187673,817569.164637626
 World,Kyrgyz Republic,Import,Plastic or Rubber,Import (US$ Thousand),,,,,142.804,72.839,106.667,235.239,862.483,1409.5,1393.543,4106.698,4207.136,2970.62,5133.963,5925.466,9885,13262.66,13479.278,15971.005,6180.801,5241.192,6326.05391985652,8606.04911423082,11104.96579,13607.549,15060.2575225022,11862.291269883,14779.6239531522,15808.2424802676
 World,Laos,Import,Plastic or Rubber,Import (US$ Thousand),38.119,95.393,66.249,45.215,235.027,191.978,139.915,208.616,1605.832,667.216,329.437,91.069,446.019,1153.794,2036.512,3121.755,2267.207,4745.022,15032.188,16834.872,15281.839,16981.883,29978.733,41136.7190619,69608.235349121,114853.63836896,121453.44498843,122529.30509,184700.362667732,201504.146395729
 World,Latin America & Caribbean,Import,Plastic or Rubber,Import (US$ Thousand),169611.656,431835.279,655830.36,1508720.069,1816648.123,2389366.076,3483411.417,4636257.588,4888646.266,5340646.235,5582732.582,5874449.274,6814020.616,6959465.775,7180560.058,8393074.731,10580485.55,13239649.516,14700198.511,17115101.421,18456429.021,16019877.952,19578234.885353,24351208.4778308,23932109.3082895,23191476.9162329,23381997.3893915,21719156.3002452,21566978.5878824,22903149.086274
 World,Latvia,Import,Plastic or Rubber,Import (US$ Thousand),,,,,2257.135,2340.966,7177.139,12818.606,12620,17630.211,29117.918,22054.78,24596.595,26545.35,32735.269,46618.355,75250.038,107998.634,157099.558,198412.941,225370.022,179621.308,224497.130827271,264752.381819438,269022.979289061,292058.684655818,344114.757015907,265129.51578448,279016.401674239,323196.035179538
 World,Lebanon,Import,Plastic or Rubber,Import (US$ Thousand),188.095,544.584,160.691,877.601,3813.324,4718.866,7451.455,6651.846,4629.694,10704.384,14533.826,11261.049,13886.298,30860.785,75388.789,53828.038,92588.868,64515.721,68680.55,100798.231,109476.888,115154.567,89285.0600543326,102620.480510626,117194.248099715,125503.104934733,108102.593777381,131053.209539041,117238.38134155,99481.5107756563
 World,Lesotho,Import,Plastic or Rubber,Import (US$ Thousand),,,,,,,,,,,,,157.806,1198.443,312.233,393.302,201.171,210.228,235.881,1256.485,304.003,280.986,851.46995197432,1193.0753439381,1092.1536734752,1099.85207066671,1110.26500758806,742.52614351217,972.496,1180.85315267501
 World,Liberia,Import,Plastic or Rubber,Import (US$ Thousand),2885.693,21974.395,23008.386,15272.598,17638.536,2572.125,5358.971,14987.702,25824.492,50772.603,53111.879,48082.777,66061.353,69107.913,74461.644,93688.566,159571.721,171790.693,241692.51,235206.449,266728.45,164124.236,262736.821687153,363770.772209204,279970.82249039,206003.620640836,168039.377366854,107816.358192418,106776.573072592,134838.480126651
 World,Libya,Import,Plastic or Rubber,Import (US$ Thousand),,177.9,784.447,7923.579,5835.872,7056.791,16372.804,17484.376,13604.358,20104.783,26481.828,51276.767,75409.355,48570.873,35604.314,74983.201,67444.383,77622.488,154223.778,112365.703,150861.644,101646.785,113807.5978642,43328.5808651308,1459.42547061264,3322.82008952498,4003.19295915432,2607.59535558067,1547.0203805833,2298.83371643312
 World,Lithuania,Import,Plastic or Rubber,Import (US$ Thousand),,,,,1361.522,3654.554,7785.777,20417.858,25268.749,38939.553,44377.727,49693.748,58936.219,77472.935,122354.845,170669.546,224933.979,308522.633,546429.888,1045591.748,1191713.952,872677.392,1180179.96442674,1470896.25180655,1412055.22619259,1600585.92262095,1835232.11828056,1200756.64284466,1235861.95577694,1456413.59277733
 World,Luxembourg,Import,Plastic or Rubber,Import (US$ Thousand),,,,,,,,,,,,735203.178,703783.075,705513.675,920176.224,1129412.29,1283932.176,1365589.862,1457335.448,1693940.959,1972271.377,1641137.554,2145119.9783927,2559702.67819256,2263917.09233393,2446860.53510221,2397340.59233648,2164801.29556407,2132386.43953323,2211821.45173106
 World,Macao,Import,Plastic or Rubber,Import (US$ Thousand),183.312,211.708,469.433,2796.277,11654.895,12073.218,10879.492,7804.737,10229.167,8835.326,7953.116,6929.213,10912.208,9074.561,9632.608,8932.845,10776.688,88531.062,66418.636,30775.402,49791.493,66964.456,58817.7562311779,84894.0490196862,79544.6449929594,171295.574996618,133153.268297467,102632.717659725,69307.3274700131,44968.6814302391
 World,"Macedonia, FYR",Import,Plastic or Rubber,Import (US$ Thousand),,,,,,5479.51,8753.504,15734.733,21343.046,23565.978,22037.901,13617.748,15523.257,15120.955,16598.628,5610.7,19386.786,18065.663,19799.13,33593.477,50825.378,44442.821,37949.1389693754,55686.7364458381,61031.2877700802,78888.6949213799,75513.7115320751,64109.7339574045,67851.8040739383,95776.9890217082
 World,Madagascar,Import,Plastic or Rubber,Import (US$ Thousand),,22,13.36,,8.601,6.874,221.272,141.689,125.138,229.892,193.394,404.658,1294.129,1251.7,1198.306,1443.183,1593.773,2802.936,3393.526,4291.066,4085.623,2444.59,2540.53914628604,3158.06879693464,3308.9749848184,3153.08748031766,2998.62301324966,2559.05232974424,2018.57402825463,2508.2969005329
 World,Malawi,Import,Plastic or Rubber,Import (US$ Thousand),,,3.474,0.577,525.878,1011.048,1804.626,2488.126,2767.984,2596.06,1564.902,1077.627,1943.515,1775.033,2065.428,2946.138,3917.115,4544.387,8407.711,8471.469,9384.166,7784.316,19524.6601001726,22773.7202686134,19882.7815907739,20902.3820459278,21025.5331096392,18555.1790716285,9355.4056458183,8893.45534625802
 World,Malaysia,Import,Plastic or Rubber,Import (US$ Thousand),746224.038,1444952.226,1318181.499,1719956.516,1977036.012,2373187.915,3039809.74,4283073.8,4290990.417,4263736.791,3923383.704,3708802.834,4391182.615,4169294.619,4604544.387,5667045.004,6938284.468,7859796.431,9939825.735,11313387.604,12974645.397,10111040.503,15006974.6742524,18874071.4215361,16925906.7785564,16234864.9778736,15506220.793501,13976644.0951449,12897732.8096615,13107445.1466661
 World,Maldives,Import,Plastic or Rubber,Import (US$ Thousand),,4.862,13.053,6.366,204.453,175.979,239.85,167.557,93.265,421.219,213.506,386.858,341.503,1466.307,274.227,147.386,512.192,653.5,612.87,106.266,796.146,25.121,252.2938441448,132.866,185.465,188.744,369.759,178.810977176,246.4413243648,175.314399101696
 World,Mali,Import,Plastic or Rubber,Import (US$ Thousand),6.622,0.506,25.563,30.551,437.963,486.576,714.486,940.176,600.996,663.493,553.232,849.533,1741.298,1685.493,2014.563,1511.149,1674.227,5589.141,3333.887,3910.054,4538.843,3121.34,1880.54406180048,1567.05388,2251.77640209232,2229.12341632632,2887.12411302276,2326.79814073101,933.03652682948,1044.7542315405
 World,Malta,Import,Plastic or Rubber,Import (US$ Thousand),10331.988,12255.569,13534.127,22063.498,26651.522,33500.324,40665.414,55902.946,64995.343,65880.871,62789.033,80356.71,78108.009,75115.654,85004.483,97374.837,91224.16,89630.335,107776.408,113740.518,125393.439,86890.253,127999.690714617,162488.961090734,157773.825762477,161936.430610922,148329.257533109,140152.080382649,151525.224673871,166095.237205287
 World,Marshall Islands,Import,Plastic or Rubber,Import (US$ Thousand),,,,,311,225.522,6.808,255.063,37.05,75.635,38.781,91.024,79.375,288.62,151.94,314.672,321.744,139.396,264.727,276.119,502.125,500.06,125.837,84.234,124.229,103.151,551.794831443438,259.710389517016,10317.5031389898,33869.0065434011
 World,Martinique,Import,Plastic or Rubber,Import (US$ Thousand),,,3.365,1,264.942,205.527,260.254,485.37,,,,,,,,,,,,,,,,,,,,,,
 World,Mauritania,Import,Plastic or Rubber,Import (US$ Thousand),17.146,47.41,47.854,35.199,42.124,31.92,76.151,99.58,45.65,77.078,91.418,217.05,284.08,977.732,150.485,341.408,428.101,322.253,256.382,590.587,718.392,249.664,714.5051651426,1102.71861588,3662.93252914328,884.35959960639,3339.78823938462,464.31450827261,2063.390816149,786.590989093667
 World,Mauritius,Import,Plastic or Rubber,Import (US$ Thousand),346.791,1643.364,1688.199,1436.873,1384.831,1477.974,1177.825,1611.906,2325.377,1306.023,1603.09,2529.978,6147.833,5569.006,8280.999,15657.59,15835.734,20297.312,24468.081,26250.242,38148.545,26868.371,35798.0488087883,41251.411585951,39065.9562430612,30273.3969715648,35997.3631305847,36474.593187787,31892.2639045156,36043.2841924263
 World,Mayotte,Import,Plastic or Rubber,Import (US$ Thousand),,,,,,,,,,,,,12.037,8.082,8.895,29.712,75.268,739.904,13.91,35.452,4.128,85.748,4.464,29.003,22.489,23.887,,,,
 World,Mexico,Import,Plastic or Rubber,Import (US$ Thousand),69682.263,95611.526,104910.997,538428.118,613905.434,731241.194,970586.351,1434923.94,1579992.444,1841349.725,2017312.78,2265950.564,2508120.378,2567121.247,2650704.12,3013035.103,3936675.166,4665437.876,5081121.651,5763202.971,6296204.518,5494153.463,7149679.61069357,8886322.34766297,9214347.55450925,9586284.79575441,10307664.6041342,10106679.8044346,10168748.4041764,11037028.3826917
 World,"Micronesia, Fed. Sts.",Import,Plastic or Rubber,Import (US$ Thousand),,,,,,14.477,389.919,,,,,,25.108,17.604,39.809,115.235,52.586,76.687,69.961,136.068,26.712,25.059,24.252,461.158,38.08026335,21.426,1544.709,28.4941405348,19.5082203132,61.90736831474
 World,Middle East & North Africa,Import,Plastic or Rubber,Import (US$ Thousand),321081.016,583932.139,620794.67,798039.913,998038.301,1100816.818,1714163.696,2617572.334,2460428.072,2970020.774,3043239.199,3314522.566,3991639.253,4924287.9,5569672.605,6975374.285,9741334.584,11628433.328,13309797.949,16146433.948,18614431.203,17264216.492,28768621.2049769,35563522.8820355,36818417.8575431,40146428.4216151,42910898.3270795,37939912.1297478,36425136.544934,37132298.957239
 World,Moldova,Import,Plastic or Rubber,Import (US$ Thousand),,,,,4811.336,1239.673,1458.017,1617.422,6322.475,6857.126,4693.777,3002.204,4442.854,4229.194,3495.867,5262.559,7306.648,8766.226,13702.731,22537.742,23704.803,23142.893,23232.2939983768,32979.1861139236,31638.4585367266,32765.234,31128.84079,22239.131713304,21326.3863832978,29954.5974240078
 World,Monaco,Import,Plastic or Rubber,Import (US$ Thousand),,,0.836,,6.44,,,1833,97737.62,968.577,1189.13,3413.843,,,14.998,,,,,,,,,,,,,,,
 World,Mongolia,Import,Plastic or Rubber,Import (US$ Thousand),,0.701,,2.189,40.16,119.757,50.209,387.897,100.634,24.01,127.597,16.476,164.266,404.809,843.915,949.868,1042.892,1497.167,914.2,10329.709,1195.152,1620.425,3879.945,5110.033,5341.575,6052.60486032,6508.81743419368,6759.88548801652,5448.99277896899,4672.72152701552
 World,Montenegro,Import,Plastic or Rubber,Import (US$ Thousand),,,,,,,,,,,,,,,,,,,2294.73,1139.795,1637.295,1596.87,4022.67832262452,3203.15979,3104.19,2685.35836807078,3674.38156,3136.96,3510.77953594686,4856.38884983493
 World,Montserrat,Import,Plastic or Rubber,Import (US$ Thousand),,57.562,,10.303,365.466,82,363.78,37.252,152.819,254.402,28.084,74.94,68.215,63.583,224.854,16.836,95.471,16.886,99.929,21.183,12.137,27.937,40.97801206248,11.72129,23.515,51.64776912,27.41109266866,64.40984728371,23.56253068796,30.7785906096928
 World,Morocco,Import,Plastic or Rubber,Import (US$ Thousand),374.863,821.53,1297.249,3429.966,13662.12,22287.219,30116.088,39149.66,31583.905,29302.894,32940.52,42014.012,44751.125,35674.152,32845.733,40706.52,51709.153,45203.652,44173.249,59972.741,69182.015,62006.004,74567.1238170896,117801.954021485,115793.03944092,130764.610272967,150655.537376057,136776.342287089,185641.572440017,182975.451755536
 World,Mozambique,Import,Plastic or Rubber,Import (US$ Thousand),,114.414,1201.842,648.547,3047.864,1532.992,2917.233,6207.835,1375.803,3493.536,3332.993,2193.802,2290.727,2177.607,1771.314,4026.65,2326.712,497.247,322.795,1113.661,2257.816,1533.672,2171.29749040004,3801.96139565256,2789.56790110112,3786.71318344947,2252.00105000918,3977.81799988897,1650.17453130383,1386.6602412912
 World,Myanmar,Import,Plastic or Rubber,Import (US$ Thousand),1207.908,12969.053,10020.823,9544.04,14718.518,15655.022,27137.164,35459.6,33883.497,33086.182,20296.15,15076.112,17551.334,13261.398,17228.758,16041.679,62040.576,44676.747,39008.618,65016.793,96993.725,69901.04,200006.490001066,234157.699,229651.181045768,205948.428,133355.65129,138363.131201658,224214.087883479,316658.665302501
 World,Namibia,Import,Plastic or Rubber,Import (US$ Thousand),,,,,,,,,,,,,2942.637,3040.472,2158.337,2226.59,3037.55,1370.427,1841.796,6423.173,2286.389,42806.436,10916.636982854,15300.1244426036,29730.3809949262,17058.7893449342,19025.7465311177,9376.65408464984,4625.3296078858,4181.99709643731
 World,Nauru,Import,Plastic or Rubber,Import (US$ Thousand),,,23.302,2.338,28.708,10.913,41.628,191.867,34.328,63.876,81.143,111.973,60.723,496.682,1603.212,741.57,165.47,238.691,304.825,312.787,91.982,614.028,46.87553820632,273.70201978396,386.877,161.67700976345,141.80739104,237.05091684664,179.14658371823,238.414768844116
 World,Nepal,Import,Plastic or Rubber,Import (US$ Thousand),,,8.754,12.652,48.384,131.897,84.784,344.252,754.921,1421.733,4806.302,8507.599,9774.444,14823.219,15979.524,23971.599,37569.557,47346.658,25632.811,48532.749,66512.002,43835.19,64479.6265610946,54878.0705466093,43239.5342890811,49611.4842212911,70381.0636775969,56189.9165529099,46886.4999330052,42889.2666202496
 World,Netherlands,Import,Plastic or Rubber,Import (US$ Thousand),2758171.436,3260533.318,4094826.152,4222357.003,4910697.314,4494701.75,7845069.675,12188509.664,11836150.656,11748468.16,12168617.643,11857472.005,11813271.357,11546685.343,11922318.854,14188189.647,17205015.258,19398914.943,21682042.771,25071839.096,26611829.561,20331740.703,24185819.7386613,28367371.736349,26930903.6744736,28569992.6675047,29364977.897416,24930161.6780856,24296963.6707272,27808452.5844885
 World,Netherlands Antilles,Import,Plastic or Rubber,Import (US$ Thousand),158,134.71,500.771,77.759,819.825,875.033,963.193,2448.223,1198.803,1305.972,1867.925,2658.375,4825.805,4641.619,3759.301,3492.139,4509.844,5179.71,6369.923,6039.332,7215.52,5708.735,6425.61306978,,,,,,,
 World,Neutral Zone,Import,Plastic or Rubber,Import (US$ Thousand),,90.089,,21.781,37.891,4.036,24.619,0.811,258.309,47.959,0.814,123.486,,,,,0.618,,1.402,,,0.543,0.151,,,,,,,
 World,New Caledonia,Import,Plastic or Rubber,Import (US$ Thousand),0.863,0.584,23.428,7.328,33.851,149.676,395.438,317.446,89.149,235.885,160.978,126.478,370.996,276.937,470.226,326.718,2860.585,583.552,1139.801,1014.601,4086.683,736.12,977.814,1325.4984,611.0713,182.182,309.35271816546,290.9258,519.85831918108,288.359897856532
 World,New Zealand,Import,Plastic or Rubber,Import (US$ Thousand),58552.343,69420.253,76767.138,92107.501,105163.227,136168.085,176361.449,212456.741,215480.967,218763.377,199984.09,216809.366,232178.957,228983.332,252609.966,312984.317,396035.308,437610.652,379283.678,391828.02,382911.43,341426.331,402878.381504662,397651.666734836,424901.563047141,412905.280925938,427984.161003896,376647.919024224,357483.87374683,355520.623588054
 World,Nicaragua,Import,Plastic or Rubber,Import (US$ Thousand),189.532,23.422,3.313,62.533,494.239,704.987,1508.553,4151.568,2774.595,3318.097,3622.496,2989.989,5165.476,5986.134,5586.389,5468.344,6432.771,7717.232,5567.048,9030.782,9826.04,8892.017,10173.10415591,50870.677464366,13792.9043676468,11155.739904482,12125.0692497225,10201.315441157,11813.4613028503,6270.30575948449
 World,Niger,Import,Plastic or Rubber,Import (US$ Thousand),6.915,151.961,206.904,155.041,184.208,959.521,855.011,3020.53,969.845,1114.868,1002.263,470.619,3811.058,1105.14,1640.011,1295.924,1796.496,2067.348,2567.268,2082.34,4754.119,1724.602,2313.80605502618,2241.012,1551.35946555496,20625.8683002863,1780.38122027698,3806.38725508283,3417.94147821775,1287.69294690431
 World,Nigeria,Import,Plastic or Rubber,Import (US$ Thousand),3275.108,70763.47,58557.466,70164.714,62952.449,72333.102,95686.11,198296.274,208673.852,144207.447,67867.282,26736.623,29627.86,16723.466,23942.751,31367.535,56568.098,46866.443,75421.393,136403.551,223742.947,102344.047,203692.025298267,384050.744455461,250860.594126928,193761.901076118,110139.795118824,94177.2022071711,95422.3608665002,132926.977505362
 World,Niue,Import,Plastic or Rubber,Import (US$ Thousand),,,,,4.642,,5.124,12.411,8.645,2.19,138.653,3.44,17.943,25.752,95.392,16.675,2.639,26.408,16.18,37.377,293.86,792.824,2797.05370736896,86.0320705538,277.78826101344,26.05941373417,110.21141428234,113.097341836,130.50005,43.635550800112
 World,Norfolk Island,Import,Plastic or Rubber,Import (US$ Thousand),,,,8.758,,5.539,12.909,,,156.654,1.364,59.415,,,5.825,5.672,31.124,2.153,2.167,187.369,80.116,92.868,16.049,46.381,283.294,30.781,106.095,94.638,57.83027109,6.10796634944
 World,North America,Import,Plastic or Rubber,Import (US$ Thousand),3091989.053,8205861.712,10079985.633,14051748.432,18702930.181,21885605.504,26943434.657,33349684.165,36485173.742,42469429.708,42225419.225,44843345.578,49705177.328,47454238.323,48176063.06,52096079.937,59166902.178,66266374.556,72997710.652,80172654.012,84611764.451,66846527.914,85401609.7369918,95708574.5757473,95881181.8174787,97350389.7978244,99094119.2910145,92788135.1009653,89559802.679338,90536336.1919567
 World,Northern Mariana Islands,Import,Plastic or Rubber,Import (US$ Thousand),,,,,,,,22.851,22.155,11.101,5.539,15.29,57.386,111.869,80.833,74.608,17.655,34.712,316.872,37.563,73.36,37.629,59.197,28.204,32.331,817.672,8.6316872836,12.817170371,11.08390566934,23.43811296352
 World,Norway,Import,Plastic or Rubber,Import (US$ Thousand),178433.452,305406.081,346938.181,354244.795,565794.439,593818.427,725485.929,985743.802,933476.718,906194.52,898389.659,815516.387,833309.847,763786.288,788110.21,924905.361,1073660.675,1234498.487,1483775.419,1657224.861,1730442.411,1150639.982,1254878.29370333,1356359.68608324,1359008.53975752,1358386.7523441,1371444.35584349,1119628.89756806,1096210.75675965,1195897.55689698
 World,Occ.Pal.Terr,Import,Plastic or Rubber,Import (US$ Thousand),,,,,,,,,,,,,574.835,242.448,536.527,1101.266,231.643,134.698,545.022,1301.535,1119.509,787.805,917.221,561.235,4977.60106,1127.571,1670.68260092,912.098,1064.52036848423,999.906655754295
 World,Oman,Import,Plastic or Rubber,Import (US$ Thousand),112.281,12.885,81.393,2805.101,2795.507,2781.684,2911.815,8587.993,4695.621,950.676,9246.562,8570.799,12976.642,19380.884,21960.495,32567.484,56102.788,49842.117,46065.458,186321.931,317878.014,469656.494,710684.41963042,1015288.81663738,1001407.79308299,1185156.75923675,1369948.96841223,1015651.51924563,871437.096414891,800622.846334705
 World,"Asia, unspecified",Import,Plastic or Rubber,Import (US$ Thousand),672841.349,1145961.419,1358599.181,2979542.72,3771174.827,6316545.988,7562074.219,9123498.044,8842909.518,8793754.569,8211411.16,8836118.738,10304995.401,9775599.199,10669822.813,11967578.779,14533788.092,16389112.648,17589281.26,20734022.723,21957435.966,18824217.799,24573187.0768635,26854120.1791208,26402645.7953637,26890960.9488253,26334580.0416207,23624187.2606443,21726589.2937365,22286613.9566195
 World,Pacific Islands,Import,Plastic or Rubber,Import (US$ Thousand),,22.872,,136.346,,,,,,,,,,,,,,,,,,,,,,,,,,
 World,Pakistan,Import,Plastic or Rubber,Import (US$ Thousand),256.278,1979.149,1613.588,5009.114,4958.234,6839.29,9021.47,14255.182,10967.202,11273.176,14624.994,26068.903,53039.452,52436.055,82784.294,164971.652,152806.341,186257.809,173692.332,173605.169,307085.628,247004.906,358856.936671521,419770.629651159,479989.742119733,396737.675715898,377176.870189832,306212.756462425,269273.385700692,293302.017359082
 World,Palau,Import,Plastic or Rubber,Import (US$ Thousand),,,,,31.511,,15.337,21.21,2.239,,2.33,1.891,3.895,34.004,73.467,63.942,17.517,4.427,54.166,127.811,15.702,25.037,19.601,3.345,83.14,42.743,32.392,18.7395703808,16.835,0.20965270966
 World,Panama,Import,Plastic or Rubber,Import (US$ Thousand),47.852,482.341,2574.063,4831.841,17542.074,20279.938,20956.989,23785.653,30998.939,27966.789,27986.803,31028.73,37353.579,42115.756,43030.819,44418.001,59089.388,64982.159,77626.855,81966.484,91447.537,86835.729,96174.5670880507,157429.973845908,156596.005530052,129011.735959437,101945.545087237,133625.900214477,152454.119255924,105187.667387318
 World,Papua New Guinea,Import,Plastic or Rubber,Import (US$ Thousand),2240.814,2045.9,1681.089,1824.715,1409.479,1859.757,3483.403,6282.778,6750.215,5876.914,3695.701,3275.504,3421.674,3191.106,3149.467,4255.647,6085.431,8178.265,11830.903,15933.035,19957.108,12950.422,21913.255,33507.1002593113,27796.8161494638,16485.5640878634,10366.013,6600.2901407076,8491.48390728922,7047.42638714019
 World,Paraguay,Import,Plastic or Rubber,Import (US$ Thousand),95.432,126.871,13.064,39.612,207.551,428.487,552.554,1246.331,2967.607,4525.048,4953.004,4578.998,6588.66,9308.919,4229.214,10580.186,14251.515,18902.449,22355.585,36494.517,49884.255,58832.062,70664.89643279,99808.36546585,80593.4425905245,83065.5154788077,107275.931346429,81433.151161826,77773.6063890873,84131.9318475104
 World,Peru,Import,Plastic or Rubber,Import (US$ Thousand),8.519,150.533,1620.371,4468.071,5769.862,6452.051,8182.569,10089.245,11826.944,16744.983,26988.752,34004.63,56118.671,77926.332,97095.776,108601.254,148042.049,203790.561,237154.205,296641.918,382044.097,314522.553,421835.186066252,585350.820241746,618434.681069832,632619.713527889,643624.70079353,555166.449758783,497012.223716861,489337.060007751
 World,Philippines,Import,Plastic or Rubber,Import (US$ Thousand),11433.319,24008.303,29146.646,76003.125,89241.889,123971.491,148916.666,232077.208,225602.753,250261.925,236500.496,288253.812,356404.878,349204.471,381031.579,447305.174,533314.339,627893.189,890572.695,911205.146,1129300.289,1101729.935,1492328.81071116,1590827.91354815,1435108.96485414,1516245.52681756,1457105.68864259,1340659.98525267,1409201.53114192,1393083.33542921
 World,Pitcairn,Import,Plastic or Rubber,Import (US$ Thousand),,,2.952,88.126,,,1.631,,10.483,44.471,14.27,3.125,136.164,10.031,25.577,95.603,44.982,40.466,0.243,7.268,123.586,96.939,41.567,40.32,200.434,63.863,5.249,3.59037,33.69348732917,496.287363187634
 World,Poland,Import,Plastic or Rubber,Import (US$ Thousand),48285.381,64252.937,132656.306,161143.919,207354.912,224703.231,346444.397,577056.026,700259.218,789129.118,937017.863,997635.458,1303071.797,1520103.387,1911117.91,2672650.981,3173833.762,4088493.516,5676455.002,7189774.626,8710347.123,7137318.487,9085425.1848994,11865810.1020871,11403878.5328238,12761161.3539181,13250326.4384551,11673246.7622534,12121442.0779283,14557565.2848624
 World,Portugal,Import,Plastic or Rubber,Import (US$ Thousand),47787.341,121581.225,184454.963,198209.098,214698.353,384350.435,447484.395,622702.108,698909.185,736512.241,752507.42,712614.136,817690.535,902624.977,1080643.402,1412386.075,1778884.24,1701266.765,1913134.339,2381462.851,2589275.344,2291922.693,2767836.26902606,3471031.26409868,3635182.09259002,3961503.22848649,4164255.17139546,3638579.78803908,3520571.45326276,3954758.8801055
 World,Qatar,Import,Plastic or Rubber,Import (US$ Thousand),29543.135,37987.37,36826.337,47207.872,80815.353,54531.345,75708.917,88135.304,79466.082,164100.451,164085.61,170933.654,195597.484,226800.388,219591.816,301871.33,662447.693,822834.97,1018308.038,1151681.894,1266716.501,1030756.742,1548695.08714356,2359485.30480377,2655384.63714207,3262095.86465921,3096469.93514567,2673440.49929051,2556263.54866918,2164905.13806071
 World,Reunion,Import,Plastic or Rubber,Import (US$ Thousand),,36.749,43.867,71.469,139.66,50.527,239.539,283.343,,,,,,,,,,,,,,,,,,,,,,
 World,Romania,Import,Plastic or Rubber,Import (US$ Thousand),49574.13,106824.241,68114.137,35069.882,54217.901,42997.893,110266.456,145191.365,185607.425,184220.509,176973.457,193136.952,236763.292,238599.686,374875.426,563305.65,899259.075,1109274.597,1397801.741,1801851.228,2274916.534,1915003.692,2485006.85512934,3426119.21236793,3253815.24343527,3659237.27874523,3879881.20148404,3334548.41654665,3602442.78136964,4265176.65595134
 World,Russia,Import,Plastic or Rubber,Import (US$ Thousand),,,,,166531.096,253477.725,430918.762,950923.116,1265683.208,1100630.547,1126243.329,1131548.992,1315838.49,1392619.338,1386991.709,1714188.122,2352006.511,2548357.833,3064335.549,3815548.982,4979658.019,3623970.22,5170035.66193331,7424236.44121071,6878365.67198022,6907575.7568573,6224026.74849002,5250627.78632737,5120277.93602582,6305947.30756459
 World,Rwanda,Import,Plastic or Rubber,Import (US$ Thousand),1,3.642,40.169,211.666,11.437,50.402,106.103,760.663,419.534,47.261,90.985,237.797,299.266,136.661,184.29,55.635,72.844,48.803,219.099,131.516,1139.383,321.608,213.10327,425.0597161026,1431.7837484352,2328.77269200799,1456.56694659794,180.1517445512,423.34138700424,371.517271153311
 World,Saint Barth√©lemy,Import,Plastic or Rubber,Import (US$ Thousand),,,,,,,,,,,,,,,,,,,,,,,,,,131.163,47.785,69.963,144.69431,449.129613594426
 World,Saint Helena,Import,Plastic or Rubber,Import (US$ Thousand),,,28.853,,14.957,4.085,2.394,44.547,32.582,257.798,607.153,496.148,349.101,53.823,553.738,1279.04,307.501,196.002,350.23,478.168,184.225,190.77,103.06381477404,1033.2203351192,600.55353381384,129.4261326198,306.5977953691,501.69333047062,262.6398771668,369.57673875398
 World,Saint Maarten (Dutch part),Import,Plastic or Rubber,Import (US$ Thousand),,,,,,,,,,,,,,,,,,,,,,,,37.374,3.348,166.895,153.9921321002,106.7022801289,209.9095847612,210.85432673416
 World,Saint Pierre and Miquelon,Import,Plastic or Rubber,Import (US$ Thousand),4.277,,15.521,45.971,25,121.297,145.915,20.646,33.702,100.094,83.024,63.768,30.351,7.692,3.498,0.702,10.633,25.975,119.423,151.511,44.61,36.989,10.188,10.671,11.983,19.198,54.982,42.817,39.52871895323,61.2141517913
 World,Samoa,Import,Plastic or Rubber,Import (US$ Thousand),,,,8.994,4.955,203.123,77.425,19.021,11.345,99.953,5.727,47.791,35.77,57.291,115.945,139.058,114.044,197.25,10591.633,10209.282,4256.423,2156.243,3384.227,1826.53754907088,1748.079,1473.10165578128,2946.922,2643.29721503616,2827.374,2299.10112555281
 World,San Marino,Import,Plastic or Rubber,Import (US$ Thousand),,,,,,,,,,,,,5033.994,2978.191,3102.461,3060.931,3659.663,1354.528,2219.632,18069.819,15923.596,11563.624,6307.4325329342,8998.24686672238,8114.79956487592,9389.5590034769,11191.340085918,11291.0466738809,9708.70931193167,5123.3648963882
 World,Sao Tome and Principe,Import,Plastic or Rubber,Import (US$ Thousand),,,,0.558,50.375,54.129,64.685,302.605,733.81,434.955,326.179,293.303,192.643,124.249,681.815,159.394,405.457,591.272,348.58,309.853,55.977,528.481,511.96263408912,98.154,165.45614123144,101.54015,333.53464270714,56.40402724498,141.00789447566,90.87007769766
 World,Saudi Arabia,Import,Plastic or Rubber,Import (US$ Thousand),205785.574,410823.945,409113.411,421373.361,424908.371,455852.615,721919.631,1226086.591,1130602.707,1395194.589,1137358.203,1146389.035,1502526.381,2312600.742,2603756.4,3274732.532,4670775.945,5629201.433,6592957.857,7909705.168,8570952.405,7794053.662,14535378.0089086,17601912.0009205,19456444.9579393,20872636.4524156,22409305.6383884,18701523.6876837,17624166.5444025,18456439.3929054
 World,Senegal,Import,Plastic or Rubber,Import (US$ Thousand),,15.316,62.592,17.989,53.472,36.883,191.389,1340.34,2348.732,4440.154,3609.331,2988.067,8666.842,4560.758,6325.443,8566.805,7108.634,10574.175,11346.079,27753.799,19062.683,9085.102,10869.9355239653,9395.83277177556,19895.8232058343,4576.45441476751,6308.49752706107,6892.04567705427,14896.433204645,16147.6651149982
 World,"Serbia, FR(Serbia/Montenegro)",Import,Plastic or Rubber,Import (US$ Thousand),,,,,133051.425,4386.002,3056.75,4552.34,72362.662,188956.049,186898.883,95589.898,138848.521,181464.502,215182.061,270155.209,407421.515,501582.743,584512.887,735578.806,824093.748,597632.648,781507.773457285,1052204.72774488,908220.159471626,1254337.92571459,1198910.2376112,1112593.42729141,1274930.20125572,1573417.40432083
 World,Seychelles,Import,Plastic or Rubber,Import (US$ Thousand),,89.362,,131.561,25.376,53.185,58.5,130.975,303.923,255.194,110.164,56.118,182.84,561.452,89.848,549.145,900.571,476.653,1703.609,861.573,1268.586,1901.28,2383.07545534176,3724.71570456174,4192.33057153672,3074.84285757254,3655.78149135964,5149.20585653929,2019.22694683786,2058.61607645508
 World,Sierra Leone,Import,Plastic or Rubber,Import (US$ Thousand),,,68.116,,212.208,1314.564,1322.19,914.739,799.803,347.585,2093.798,966.631,1198.966,1797.04,2693.045,1434.455,2261.595,1953.016,3366.049,6875.875,8076.666,5926.595,7349.53732501872,8767.59481049554,4176.92048395704,4229.86129629574,3073.95679284172,2428.73120342373,2728.49890660451,2988.27993387747
 World,Singapore,Import,Plastic or Rubber,Import (US$ Thousand),233866.655,602576.404,699202.771,887169.712,1086608.505,1384282.095,1639212.413,2174980.835,2099050.708,2350865.519,2266803.001,2437837.678,3170222.987,2994618.774,3560581.975,4420608.823,5472069.288,6974001.956,7698182.465,8472611.965,9060119.36,7210030.373,10164116.0715621,10314327.0191123,10195828.5387163,11062975.9895325,13032545.6606763,11551136.9942063,10524128.623725,10259903.8435748
 World,Slovak Republic,Import,Plastic or Rubber,Import (US$ Thousand),,,,,,296828.438,433896.35,630345.038,694147.382,630902.045,615029.346,559240.72,623634.762,653631.116,851758.752,1125822.463,1388343.216,1778827.762,2190072.659,2692348.002,2921501.923,2224865.52,2838570.31053763,3753761.23653601,3600596.74455559,4014666.09555939,4114228.21320734,3687549.37363658,3788628.47320058,4334893.93803933
 World,Slovenia,Import,Plastic or Rubber,Import (US$ Thousand),,,,,112117.528,143967.283,245714.055,381150.627,387730.362,379415.791,405441.927,412104.489,428101.43,480224.779,543315.268,696292.928,786725.23,897377.417,1095471.809,1317699.823,1448726.641,1153968.573,1408212.77125069,1842897.61351002,1655534.97240927,1868216.07503016,1953967.427981,1657255.18373729,1737814.68169089,2039293.37499928
 World,Solomon Islands,Import,Plastic or Rubber,Import (US$ Thousand),20.125,,5.045,,,33.391,16.678,18.391,25.552,15.099,114.194,64.06,283.546,302.931,339.466,138.158,56.013,46.078,96.968,1243.821,99.226,330.746,56.079,114.914,97.6067811868,63.68,103.793683987398,120.81712125705,693.86418525434,811.37387856274
 World,Somalia,Import,Plastic or Rubber,Import (US$ Thousand),57,,,,59.686,9.49,83.007,36.826,21.375,54.668,84.692,37.012,264.86,679.094,220.222,302.514,108.206,889.055,2829.705,7220.174,3931.688,697.868,555.234351297,2057.186,2096.83649234,5092.60368304,3880.99626888,514.07287635055,243.72217728368,72.6631530284
 World,South Africa,Import,Plastic or Rubber,Import (US$ Thousand),6830.897,14383.769,31345.335,48159.068,57417.521,106266.777,159394.548,339009.428,286226.786,316857.361,318970.488,474036.754,580367.051,712499.066,839043.965,894669.807,1090436.206,1163800.628,1226260.675,1398508.58,1584959.346,1569817.127,1721199.36757877,2150542.91286506,2150475.68225509,2081651.18922207,2129540.37359051,1557976.94905379,1329425.14481891,1342714.41831465
 World,South Asia,Import,Plastic or Rubber,Import (US$ Thousand),29194.401,67721.872,78797.225,175959.155,274123.11,435294.918,603044.881,790548.274,828265.907,943419.631,948934.598,1024873.529,1321956.919,1517241.741,1936635.083,2524451.872,3309047.136,4179800.025,4845763.133,5266146.447,6216727.282,5118684.665,6842979.22726675,9187682.9535584,9077699.48536169,9475469.19091744,9444249.21840639,8426528.15203428,8238466.01019682,8619860.82431119
 World,South Georgia and the South Sa,Import,Plastic or Rubber,Import (US$ Thousand),,,,,,,,,,,,,1.641,,398.52,44.013,8.679,17.77,18.086,16.001,0.255,99.329,1.399,8.124,135.001,2.9915777192,0.072,9.406,2.532,45.35644264734
 World,South Sudan,Import,Plastic or Rubber,Import (US$ Thousand),,,,,,,,,,,,,,,,,,,,,,,,,4.664,153.002,33.247,36.0883082616,30.4747421593,46.808252371621
 World,Soviet Union,Import,Plastic or Rubber,Import (US$ Thousand),58421.847,77316.99,65736.529,68719.576,,,,,,,,,,,,,,,,,,,,,,,,,,
 World,Spain,Import,Plastic or Rubber,Import (US$ Thousand),444089.982,590107.725,782019.131,946700.615,1357376.205,1403475.158,3090921.469,4417487.081,4697659.601,4954853.925,5444536.398,5519187.598,5725324.214,5707176.074,6265253.294,7367894.326,9246218.975,10103776.419,11712094.559,13577702.519,14855244.87,11355102.674,13941417.7793966,16908189.6631757,15659771.7013756,16447169.1387135,16926302.2939553,14867121.4376893,14602014.8956236,15855173.4238435
 World,Special Categories,Import,Plastic or Rubber,Import (US$ Thousand),152425.114,200365.958,130462.675,160358.301,197755.155,441971.455,412211.622,585260.067,261968.6,105809.24,339747.858,185762.065,191601.961,81116.375,81420.189,134547.78,105956.411,89224.7,94698.72,107022.007,183671.449,84376.327,84132.6108387935,121661.645947605,123451.480336673,91121.7088341521,36802.2013686564,75229.8528399778,72135.6577204975,123995.85436705
 World,Sri Lanka,Import,Plastic or Rubber,Import (US$ Thousand),23292.347,42550.278,43718.543,68929.635,99212.558,124661.799,166660.139,245112.933,277433.746,293945.838,271204.907,252315.44,275760.839,276249.624,314776.567,406712.987,509203.574,567424.213,677817.155,785587.207,857160.711,616252.71,871646.424934952,1233313.30154163,1177284.32200043,1085442.08163476,1125491.96108781,990260.048919148,956636.33118253,979108.900285993
 World,St. Kitts and Nevis,Import,Plastic or Rubber,Import (US$ Thousand),,53.826,,39.096,22.898,3.495,0.856,12,37.682,278.091,1757.873,55.476,78.561,65.978,126.18,46.848,114.067,303.718,56.646,450.038,833.931,1307.267,941.934,1005.256,1414.485,1118.57150137078,966.2654286615,1067.1831178167,524.4480371838,863.612541054782
 World,St. Lucia,Import,Plastic or Rubber,Import (US$ Thousand),321.495,279.786,435.166,616.579,1155.027,1553.3,2462.574,2657.864,3049.231,1241.13,690.794,302.157,311.121,129.958,294.298,135.189,365.103,334.673,4567.797,3284.342,930.745,1011.63,895.42172792316,945.99629525,1587.404114,1298.9122784873,1298.5779680418,779.6796215402,333.98529660772,604.024947814708
 World,St. Vincent and the Grenadines,Import,Plastic or Rubber,Import (US$ Thousand),,,28.118,,1327.47,920.449,398.621,720.552,709.713,1162.213,1131.648,1121.821,1330.867,470.373,1023.614,577.213,633.136,598.422,1015.741,1217.503,672.828,2251.306,3072.85795212188,3869.463,1473.39,710.077,636.419,4023.6265814804,709.5258568996,1345.56108061895
 World,Sub-Saharan Africa,Import,Plastic or Rubber,Import (US$ Thousand),34902.938,147889.237,155129.412,193407.157,216291.501,275564.992,442546.844,839439.616,827281.481,798587.932,663457.916,751639.339,935080.64,1041467.738,1194286.258,1511247.302,1731381.798,1921370.686,2304820.047,2682401.224,3243646.08,2717024.489,3632564.59839069,5077204.76639561,4499295.34038387,4245439.50205077,3886933.19611213,3007956.81291627,2752351.01697631,3283171.28833933
 World,Sudan,Import,Plastic or Rubber,Import (US$ Thousand),,,,,,,,,,,,,,,,,,,,,,,,,5231.108,12559.8275168337,14393.2676300745,5939.236157616,5002.42706898009,5759.14140555246
 World,Suriname,Import,Plastic or Rubber,Import (US$ Thousand),,,,25.359,45.812,645.253,251.484,629.711,1047.609,1931.118,2021.847,6405.717,1405.485,659.187,1246.554,670.654,526.85,827.012,881.451,1046.993,1207.635,1120.136,2827.37464517908,4240.942,5705.54817568272,5541.0622367098,5710.5586498618,5427.32410033141,4736.89827438981,3980.66791263555
 World,Swaziland,Import,Plastic or Rubber,Import (US$ Thousand),,,,,,,,,,,,,2763.21,3539.749,3280.004,2852.818,3305.615,3420.188,6404.735,5766.376,8007.677,5833.652,23031.849482306,10465.9281170975,11743.3242111224,14685.400322351,12946.4881111749,11742.8595659332,8538.50143065265,8796.99107483575
 World,Sweden,Import,Plastic or Rubber,Import (US$ Thousand),552765.507,889182.53,1027399.428,1083624.093,1261191.525,1585064.786,2163303.172,2617479.613,2706785.432,2845186.248,2919943.269,2813399.14,2785331.569,2734581.112,2982607.009,3450383.379,4197850.906,4724957.386,5368209.035,6083783.494,6368647.42,4816650,5422043.27692472,6516885.40287324,5968601.4503711,6252615.4110398,6372262.16278496,5400251.63476602,5298380.62836115,5777964.27733975
 World,Switzerland,Import,Plastic or Rubber,Import (US$ Thousand),628024.981,731231.842,959801.703,1133539.995,1500462.253,1558010.367,2482781.908,3094619.787,2985268.491,2875401.841,2954683.249,2864672.955,2755715.776,2737687.703,2966220.881,3650573.333,4215778.454,4380733.607,4907379.62,5843891.415,6267670.14,4966638.024,5610253.01172957,6455866.26850555,5958611.71820128,6164740.64822002,6398461.45651259,5647845.68564985,5636296.59297989,5898080.46568109
 World,Syrian Arab Republic,Import,Plastic or Rubber,Import (US$ Thousand),15.507,300.694,309.943,2571.369,3430.747,3591.2,4683.601,5670.855,5010.379,4566.89,8034.21,11620.229,16323.763,29720.388,36212.451,46800.222,60772.898,76024.227,75751.614,95634.181,118010.506,133237.073,164085.450416733,208319.211367887,107322.962236284,30109.2217896652,19427.402,7175.1692617,7744.98396647446,3008.69810870218
 World,Tajikistan,Import,Plastic or Rubber,Import (US$ Thousand),,,,,44.758,109.433,2.377,1137.21,665.557,553.178,2245.119,1292.633,1370.168,1641.347,3902.581,5128.772,5591.17,10353.147,4113.815,8497.834,10537.359,8305.353,4631.098,9499.27766618654,4146.169,3438.434,4552.57742,7595.88148503989,5230.38248686276,2216.76917580349
 World,Tanzania,Import,Plastic or Rubber,Import (US$ Thousand),,19.059,60.852,2163.186,71.875,351.837,1151.52,601.905,1034.136,943.134,1912.551,1525.454,3553.37,1532.243,1172.745,4241.404,1566.769,30856.095,13479.168,11302.309,17281.119,10746.572,15108.6530193328,23279.6486249003,24087.6418305999,27213.3980831925,28330.1067466129,24475.1765011782,19746.116734826,21784.4225961569
 World,Thailand,Import,Plastic or Rubber,Import (US$ Thousand),684148.41,889369.752,867448.866,1197326.886,1547191.159,1919775.129,2564490.931,3911135.293,4132912.401,4302711.197,4315837.856,4397931.488,5958721.521,5594385.785,6329831.859,8124555.139,10332249.026,11975351.705,14737276.722,16221015.612,19874517.333,15614869.825,24120214.8435607,33311286.6766285,30035207.5708767,30085508.4458146,28846140.9727375,25225805.1799142,24320337.4556707,26607868.1004698
 World,Togo,Import,Plastic or Rubber,Import (US$ Thousand),,4.645,0.998,22.309,194.509,15.558,5.786,1105.762,1644.581,1841.451,1331.872,904.117,1037.172,2372.817,2629.763,93354.717,4338.678,5358.982,6662.219,11232.428,12628.656,9832.429,11208.2820618091,12331.8813894876,15767.7525540595,18372.454,17929.307,10276.21237499,16216.6471517708,5732.8077808987
 World,Tokelau,Import,Plastic or Rubber,Import (US$ Thousand),,,85.999,226.326,33.169,122.485,0.641,279.614,269.643,143.686,222.583,122.869,88.535,230.963,1138.446,504.133,765.356,212.663,641.14,341.645,444.173,1727.376,1124.32255930612,1426.41490856212,638.24918154296,806.49595510083,768.88320090122,610.85540016778,833.15445961487,971.785070774477
 World,Tonga,Import,Plastic or Rubber,Import (US$ Thousand),,,,6.763,,,13.377,50.421,17.344,32.368,60.077,10.606,19.096,2.414,53.846,119.116,9.478,79.125,57.089,81.069,232.489,113.938,4.77308079104,42.866,9.499,75.74,11.60571919524,36.03229787,13.40308599,36.1685364070823
 World,Trinidad and Tobago,Import,Plastic or Rubber,Import (US$ Thousand),104.806,29.868,8.532,2095.336,10666.045,4467.388,5255.983,5613.464,9814.957,19905.734,25871.133,40672.827,59633.349,42594.069,46887.423,46838.567,33944.718,40268.576,42736.282,43006.813,44339.437,34561.245,32171.19528,34641.8688295415,33584.9737085539,38096.6941146997,37015.9168385094,36238.9393608723,40276.646128147,35642.7292299594
 World,Tunisia,Import,Plastic or Rubber,Import (US$ Thousand),705.751,784.665,1039.764,2593.886,21259.703,19966.449,57809.461,35614.744,30423.473,17150.499,23143.663,26873.911,41644.056,53905.286,92111.2,81780.607,100032.052,129219.476,162888.697,222566.325,229357.766,253734.391,306037.287040805,362354.961987775,356200.68608836,383304.525814158,401147.090085645,324907.472489371,381100.052140885,417729.540022906
 World,Turkey,Import,Plastic or Rubber,Import (US$ Thousand),27456.878,48498.84,50561.005,65314.917,133493.643,143338.812,291529.914,444384.737,467282.008,617176.578,699815.728,742139.488,780259.935,973902.262,1143763.427,1607801.843,2037044.826,2453644.285,3043878.848,4064008.723,4884936.061,3981208.46,5070871.08620065,6509073.66045633,6349953.28337183,6819391.64079098,7367681.87157053,6665642.63677692,6713063.91958542,7276131.90585567
 World,Turkmenistan,Import,Plastic or Rubber,Import (US$ Thousand),,,,,,51.697,582.683,28.293,362.103,279.045,355.999,342.714,194.526,411.33,22358.985,38541.106,46635.987,63821.465,65874.652,70671.45,89833.393,72805.3,98278.06557,75739.842,135030.592,107634.945,105994.46793,87694.1374320636,80752.3816509852,69376.2328966319
 World,Turks and Caicos Isl.,Import,Plastic or Rubber,Import (US$ Thousand),1.744,,,,,63.407,37.555,,67.917,328.622,616.205,338.352,179.797,359.071,1309.617,326.833,773.828,421.951,1951.205,2245.274,3516.692,309.251,611.898,641.211,535.955,216.809,2115.74207329502,131.86171724591,199.42527621107,208.964864649231
 World,Tuvalu,Import,Plastic or Rubber,Import (US$ Thousand),,,,6.519,,5.248,30.267,135.162,135.962,,52.825,4.704,128.661,7350.641,7899.687,172.508,712.599,44.721,15.455,57.843,137.91,118.912,44.274,175.83730237576,177.838,103.159,233.69331660896,26.726,173.10622151638,233.062423087
 World,Uganda,Import,Plastic or Rubber,Import (US$ Thousand),9.222,,21.742,17.074,1.991,51.018,27.309,120.876,2112.405,2476.315,1097.239,838.598,1431.945,1105.734,828.499,1142.792,2615.584,2595.033,3713.246,3191.963,5589.069,5121.448,5276.28232600748,6948.75727515348,9617.12286415112,13557.1948397949,11280.1317736048,14407.0354664916,13005.4610197263,11811.164431336
 World,Ukraine,Import,Plastic or Rubber,Import (US$ Thousand),,,,,5601.498,19836.051,31622.509,54767.263,307019.838,195766.472,293682.055,202486.332,227134.122,220803.583,214134.602,267947.695,393463.558,538986.066,735664.885,876963.417,966871.828,535766.824,652555.286900325,953591.471552995,1022792.68508591,777856.526771519,588687.399359715,433252.486349102,428154.686354823,598392.191318718
 World,United Arab Emirates,Import,Plastic or Rubber,Import (US$ Thousand),3141.217,13457.127,16764.351,37325.639,65494.536,68366.671,115095.85,220945.202,145363.562,212078.885,267092.256,275958.134,287785.138,324305.736,522517.326,794273.452,1154958.018,1471806.487,1305916.087,1729255.624,2435568.865,2120465.503,3749069.39318196,5738476.82736672,4807614.33038218,5132714.32315877,5755104.57263139,6442693.98784137,6445532.65558641,6001339.77434151
 World,United Kingdom,Import,Plastic or Rubber,Import (US$ Thousand),1406955.13,2077648.772,2543350.954,3068677.327,5001873.348,4537062.398,6919602.12,9403425.754,9682287.636,9841513.937,10091128.168,9858960.043,9595201.316,9072431.436,9765930.863,11125122.256,12611972.711,13690121.701,14977523.66,16429488.394,16417242.488,12530613.996,14895063.0203482,18225633.9074587,17287585.3934943,18010074.198868,17802341.394034,15598713.2253947,14525998.588421,15185683.2416869
 World,United States,Import,Plastic or Rubber,Import (US$ Thousand),2955554.764,7911051.839,9661330.398,10994404.779,15056876.983,17673081.068,21786858.895,27045167.211,29666718.654,34583455.456,34147026.619,35888285.36,39513678.903,37215528.876,37563195.801,40547087.402,45771662.786,50931252.694,56551833.768,63714036.878,68001226.841,54493849.738,70404098.9147961,78523957.2970868,78966290.9290077,80030305.4308207,81269737.8814123,76073809.4046645,73539457.4814948,74268812.6545527
 World,United States Minor Outlying I,Import,Plastic or Rubber,Import (US$ Thousand),,,,,14.418,,,,,,,,331.101,435.098,148.524,156.954,308.955,415.087,911.382,439.896,212.927,1379.971,159.33603907,143.4433617571,280.13135623736,77.16144567173,353.3914148436,313.20846758608,246.94459684208,312.781540669003
 World,Unspecified,Import,Plastic or Rubber,Import (US$ Thousand),37269.523,75257.507,112834.676,91450.87,48252.452,80334.672,370380.927,446028.796,473143.678,394984.239,339390.767,392527.003,465092.934,477215.881,789083.301,992734.052,1463582.607,1204764.022,1749725.914,2351878.397,2326551.103,2000112.924,2125589.4576476,2822430.80385026,2311359.21835979,2294049.13018511,2802192.39028822,2913203.87013312,4239070.07416591,2134462.33974338
 World,Uruguay,Import,Plastic or Rubber,Import (US$ Thousand),110.945,38554.153,44007.105,32101.97,39813.246,71437.934,97511.843,132828.661,119015.676,108480.724,122551.949,115587.314,114993.834,120316.657,104282.746,133762.759,154245.528,199758.082,208707.778,249214.381,305692.501,257553.703,351060.717738187,442574.731163198,454116.513283079,447786.283546902,406739.967714959,313965.923619958,235395.232463105,267688.027827225
 World,Us Msc.Pac.I,Import,Plastic or Rubber,Import (US$ Thousand),328.37,108.691,62.367,183.836,104.151,120.64,255.059,539.83,507.155,1571.098,371.036,461.331,,,6,4.015,,,,,,,,,,,,,,
 World,Uzbekistan,Import,Plastic or Rubber,Import (US$ Thousand),,,,,114.817,277.14,177.348,596.072,3734.943,3741.371,2185.887,1394.102,1271.64,3029.365,2168.076,16020.017,62616.76,91217.684,109719.048,117513.297,104295.391,68776.31,91490.89428135,85841.8650819246,62768.62577,56392.00731712,46993.93242032,46324.60198767,429006.706823762,463810.862876725
 World,Vanuatu,Import,Plastic or Rubber,Import (US$ Thousand),,6.858,6.401,,,,3.072,,14.91,,1.826,3.183,21.932,0.354,1.133,143.503,4.962,14.549,1.794,26.092,151.784,29.306,14.36756827,52.17,124.91816336,759.072,21.397769085748,27.13686,107.5711005382,64.5296703261102
 World,Venezuela,Import,Plastic or Rubber,Import (US$ Thousand),381.791,9345.886,44469.094,58012.851,73166.984,102984.004,178262.884,250692.102,311260.557,385243.199,333204.517,393817.35,391880.002,343210.17,295758.399,152862.587,226836.582,338247.729,291100.647,267237.107,140815.147,80414.188,47295.727995264,48961.4709739551,42397.84965,34349.689267333,38840.1667218133,37582.901308218,44229.369752871,71554.1913583556
 World,Vietnam,Import,Plastic or Rubber,Import (US$ Thousand),,9209.552,19667.147,9885.919,15869.741,32048.107,60641.006,99195.937,100618.861,162090.364,160271.552,210472.877,267841.71,283900.313,419234.341,589699.806,702659.125,884619.362,1456577.836,1769835.556,2039225.34,1830456.077,3094133.35078763,4053757.71774954,4958562.79154811,4891858.05218372,4979799.05463928,5207039.89196768,5544223.70058431,6884063.23500091
 World,Wallis and Futura Isl.,Import,Plastic or Rubber,Import (US$ Thousand),,,15.879,,2.85,19.71,133.419,,135.469,5.354,0.699,,0.175,160.236,25.14,1.114,321.961,16.433,202.071,546.194,22.207,52.672,367.675,1.767,188.253,34.392,6.153,0.094,26.2324827608,37.05456258529
 World,Western Sahara,Import,Plastic or Rubber,Import (US$ Thousand),,,,,,,,,,,6.929,5.749,281.133,18.52,21.262,163.542,10.885,0.014,443.031,390.542,0.25,33.64,24.14,0.248,78.02,1.46,43.05291552,48.83,2.09469419592,5.90003
 World,Yemen,Import,Plastic or Rubber,Import (US$ Thousand),,179.826,,,215.091,477.137,165.157,797.413,980.542,1294.188,791.173,918.143,1525.847,868.55,952.122,3574.482,729.867,2577.709,5681.526,7909.524,20649.243,13515.735,28182.2784394792,48423.2320144178,37036.7990914166,34959.6352556528,35402.527,13285.215490249,13066.3416532016,16832.5273646734
 World,Yemen Democratic,Import,Plastic or Rubber,Import (US$ Thousand),34.916,20.032,17.173,,,,,,,,,,,,,,,,,,,,,,,,,,,
 World,"Yugoslavia,FR(Serbia/Montenegr",Import,Plastic or Rubber,Import (US$ Thousand),149552.232,178293.071,233487.353,223566.94,,,,,,,,,,,,,,,,,,,,,,,,,,
 World,Zambia,Import,Plastic or Rubber,Import (US$ Thousand),,2,42.93,73.731,1.716,42.504,56.165,504.38,566.735,320.742,215.802,371.536,252.397,516.51,1130.85,267.852,359.191,2860.099,434.105,4363.733,1530.864,1913.884,2904.09386120212,1829.08346117072,2682.25608902192,4199.52157023416,4784.89625495812,4509.48887331719,6068.1279102858,2885.01493644513
 World,Zimbabwe,Import,Plastic or Rubber,Import (US$ Thousand),,1.418,1356.471,1511.492,8948.922,5200.567,6336.946,8138.441,10219.987,6540.022,6823.724,8732.797,9530.808,10412.908,12595.133,20973.342,12568.343,13758.232,12527.458,13450.994,11748.124,8835.184,10810.6978070896,14835.3847429393,19752.4365078845,16500.8326241252,11304.2440806346,7329.77975532233,1529.08582975126,3238.17142988378
